Gene	group	ID.Mm	SYMBOL.Mm	SYMBOL.Rn
ENSRNOG00000000007	Brain	ENSMUSG00000070880	Gad1	Gad1
ENSRNOG00000000010	Brain	ENSMUSG00000031654	Cbln1	Cbln1
ENSRNOG00000000035	Pancreas	ENSMUSG00000004821	Tmed11	Tmed11
ENSRNOG00000000041	Kidney,Liver	ENSMUSG00000046959	Slc26a1	Slc26a1
ENSRNOG00000000053	Liver	NA	NA	
ENSRNOG00000000054	Brain	ENSMUSG00000007950	Abhd8	Abhd8
ENSRNOG00000000060	Brain	NA	NA	NA
ENSRNOG00000000105	Brain	ENSMUSG00000025867	Cplx2	Cplx2
ENSRNOG00000000158	Liver	ENSMUSG00000033022	Cdo1	Cdo1
ENSRNOG00000000168	Kidney	ENSMUSG00000027199	Gatm	Gatm
ENSRNOG00000000184	Liver	ENSMUSG00000016942	Tmprss6	Tmprss6
ENSRNOG00000000187	Kidney	ENSMUSG00000071714	Csf2rb2	Csf2rb
ENSRNOG00000000187	Kidney	ENSMUSG00000071713	Csf2rb	Csf2rb
ENSRNOG00000000196	Stomach	ENSMUSG00000032274	Cyp19a1	Cyp19a1
ENSRNOG00000000251	Colon	ENSMUSG00000009588	St6galnac1	St6galnac1
ENSRNOG00000000274	Brain	ENSMUSG00000037747	Phyhipl	Phyhipl
ENSRNOG00000000413	Heart	NA	NA	NA
ENSRNOG00000000433	Brain	ENSMUSG00000015476	Prrt1	Prrt1
ENSRNOG00000000483	Brain	ENSMUSG00000067629	Syngap1	Syngap1
ENSRNOG00000000491	Colon	ENSMUSG00000024215	Spdef	Spdef
ENSRNOG00000000510	Stomach,Pancreas	ENSMUSG00000024225	Clps	Clps
ENSRNOG00000000525	Esophagus	ENSMUSG00000024011	Pi16	Pi16
ENSRNOG00000000547	Brain	ENSMUSG00000039485	Tspyl4	Tspyl4
ENSRNOG00000000560	Esophagus,Quadriceps	ENSMUSG00000037151	Lrrc20	Lrrc20
ENSRNOG00000000561	Liver	ENSMUSG00000020092	Pald1	Pald1
ENSRNOG00000000566	Kidney,Liver	ENSMUSG00000020098	Pcbd1	Pcbd1
ENSRNOG00000000590	Kidney	ENSMUSG00000038528	Mfsd4b5	Naglt1
ENSRNOG00000000611	Quadriceps	ENSMUSG00000019927	Ube2d1	Ube2d1
ENSRNOG00000000638	Brain	ENSMUSG00000037855	Zfp365	Zfp365
ENSRNOG00000000655	Ileum	ENSMUSG00000026395	Ptprc	Ptprc
ENSRNOG00000000693	Brain	ENSMUSG00000042078	Svop	Svop
ENSRNOG00000000774	Brain	ENSMUSG00000024462	Gabbr1	Gabbr1
ENSRNOG00000000775	Brain	ENSMUSG00000076439	Mog	Mog
ENSRNOG00000000786	Liver	NA	NA	Rpp21
ENSRNOG00000000814	Brain,Liver	ENSMUSG00000019874	Fabp7	Fabp7
ENSRNOG00000000840	Brain	ENSMUSG00000024403	Atp6v1g2	Atp6v1g2
ENSRNOG00000000843	Stomach,Esophagus	NA	NA	NA
ENSRNOG00000000850	Liver,Kidney	ENSMUSG00000024391	Apom	Apom
ENSRNOG00000000903	Liver,Kidney	ENSMUSG00000025533	Asl	Asl
ENSRNOG00000000920	Quadriceps	ENSMUSG00000025537	Phkg1	Phkg1
ENSRNOG00000000925	Kidney	ENSMUSG00000029446	Psph	Psph
ENSRNOG00000000969	Liver	ENSMUSG00000070419	Cyp3a57	Cyp3a18
ENSRNOG00000000969	Liver	ENSMUSG00000029630	Cyp3a25	Cyp3a18
ENSRNOG00000000969	Liver	ENSMUSG00000061292	Cyp3a59	Cyp3a18
ENSRNOG00000000978	Liver	ENSMUSG00000038656	Cyp3a16	AABR07035374.1
ENSRNOG00000000978	Liver	ENSMUSG00000075552	Cyp3a41b	AABR07035374.1
ENSRNOG00000000978	Liver	ENSMUSG00000075551	Cyp3a41a	AABR07035374.1
ENSRNOG00000000978	Liver	ENSMUSG00000054417	Cyp3a44	AABR07035374.1
ENSRNOG00000000978	Liver	ENSMUSG00000056035	Cyp3a11	AABR07035374.1
ENSRNOG00000000993	Brain	ENSMUSG00000004630	Pcp2	Pcp2
ENSRNOG00000001031	Esophagus	ENSMUSG00000029618	Ocm	Ocm
ENSRNOG00000001057	Brain	NA	NA	NA
ENSRNOG00000001066	Liver	ENSMUSG00000037254	Itih2	Itih2
ENSRNOG00000001092	Kidney	ENSMUSG00000058488	Kl	Kl
ENSRNOG00000001113	Brain	ENSMUSG00000039533	Mmd2	Mmd2
ENSRNOG00000001153	Pancreas,Stomach	ENSMUSG00000029522	Pla2g1b	Pla2g1b
ENSRNOG00000001164	Stomach	ENSMUSG00000024032	Tff1	Tff1
ENSRNOG00000001173	Brain	ENSMUSG00000029544	Cabp1	Cabp1
ENSRNOG00000001192	Esophagus	ENSMUSG00000011884	Gltp	Gltp
ENSRNOG00000001261	Liver	ENSMUSG00000001155	Ftcd	Ftcd
ENSRNOG00000001285	Heart	ENSMUSG00000029467	Atp2a2	Atp2a2
ENSRNOG00000001295	Brain	ENSMUSG00000033208	S100b	S100b
ENSRNOG00000001333	Liver	ENSMUSG00000037053	Azgp1	Azgp1
ENSRNOG00000001338	Kidney,Liver	ENSMUSG00000029445	Hpd	Hpd
ENSRNOG00000001368	Brain	ENSMUSG00000029608	Rph3a	Rph3a
ENSRNOG00000001379	Ileum,Duodenum,Jejunum	NA	NA	Cyp3a62
ENSRNOG00000001407	Liver	ENSMUSG00000029716	Tfr2	Tfr2
ENSRNOG00000001476	Ileum,Duodenum,Jejunum	ENSMUSG00000047501	Cldn4	Cldn4
ENSRNOG00000001492	Brain	ENSMUSG00000030376	Slc8a2	Slc8a2
ENSRNOG00000001506	Brain	ENSMUSG00000033578	Tmem35a	Tmem35a
ENSRNOG00000001516	Brain	ENSMUSG00000049044	Rapgef4	Rapgef4
ENSRNOG00000001517	Heart	ENSMUSG00000006494	Pdk1	Pdk1
ENSRNOG00000001528	Brain	ENSMUSG00000047261	Gap43	Gap43
ENSRNOG00000001656	Stomach,Kidney	NA	NA	NA
ENSRNOG00000001682	Brain	ENSMUSG00000040785	Ttc3	Ttc3
ENSRNOG00000001736	Liver	ENSMUSG00000046598	Bdh1	Bdh1
ENSRNOG00000001765	Duodenum,Jejunum,Ileum	ENSMUSG00000035699	Slc51a	Slc51a
ENSRNOG00000001806	Liver	ENSMUSG00000022871	Fetub	Fetub
ENSRNOG00000001809	Liver	ENSMUSG00000022877	Hrg	Hrg
ENSRNOG00000001821	Pancreas,Ileum	ENSMUSG00000022878	Adipoq	Adipoq
ENSRNOG00000001837	Brain,Stomach	ENSMUSG00000004366	Sst	Sst
ENSRNOG00000001865	Liver	ENSMUSG00000022766	Serpind1	Serpind1
ENSRNOG00000001912	Heart	ENSMUSG00000049537	Tecrl	Tecrl
ENSRNOG00000001916	Duodenum,Jejunum	ENSMUSG00000022857	Tmprss15	Tmprss15
ENSRNOG00000001955	Colon	ENSMUSG00000061100	Retnla	
ENSRNOG00000001957	Liver	ENSMUSG00000029272	Sult1e1	Sult1e1
ENSRNOG00000001980	Kidney,Liver	ENSMUSG00000035811	Ugt2b35	Ugt2b35
ENSRNOG00000001980	Kidney,Liver	ENSMUSG00000070704	Ugt2b36	Ugt2b35
ENSRNOG00000001984	Pancreas	ENSMUSG00000039639	Kcne1	Kcne1
ENSRNOG00000002051	Brain	ENSMUSG00000022973	Synj1	Synj1
ENSRNOG00000002079	Brain	ENSMUSG00000046709	Mapk10	Mapk10
ENSRNOG00000002174	Colon	ENSMUSG00000029154	Cwh43	Cwh43
ENSRNOG00000002212	Pancreas,Liver	ENSMUSG00000034528	Hsd17b13	Hsd17b13
ENSRNOG00000002331	Stomach,Esophagus	ENSMUSG00000019102	Aldh3a1	Aldh3a1
ENSRNOG00000002343	Brain	ENSMUSG00000029223	Uchl1	Uchl1
ENSRNOG00000002364	Brain	ENSMUSG00000010086	Rnf112	Rnf112
ENSRNOG00000002369	Brain	ENSMUSG00000042671	Rgs8	Rgs8
ENSRNOG00000002378	Duodenum,Jejunum	ENSMUSG00000026617	Bpnt1	Bpnt1
ENSRNOG00000002419	Brain	ENSMUSG00000031425	Plp1	Plp1
ENSRNOG00000002460	Esophagus	ENSMUSG00000062345	Serpinb2	Serpinb2
ENSRNOG00000002478	Liver	ENSMUSG00000003721	Insig2	Insig2
ENSRNOG00000002524	Brain	ENSMUSG00000039904	Gpr37	Gpr37
ENSRNOG00000002544	Brain	ENSMUSG00000026585	Kifap3	Kifap3
ENSRNOG00000002578	Stomach,Esophagus	NA	NA	NA
ENSRNOG00000002583	Esophagus	ENSMUSG00000026327	Serpinb11	Serpinb11
ENSRNOG00000002598	Kidney	ENSMUSG00000020679	Hnf1b	Hnf1b
ENSRNOG00000002602	Esophagus	ENSMUSG00000059956	Serpinb12	Serpinb12
ENSRNOG00000002626	Brain	ENSMUSG00000056158	Car10	Car10
ENSRNOG00000002640	Esophagus	ENSMUSG00000067006	Serpinb5	Serpinb5
ENSRNOG00000002664	Esophagus	ENSMUSG00000022505	Emp2	Emp2
ENSRNOG00000002701	Liver,Kidney	ENSMUSG00000022821	Hgd	Hgd
ENSRNOG00000002776	Ileum	ENSMUSG00000026581	Sell	Sell
ENSRNOG00000002783	Kidney,Liver	ENSMUSG00000026715	Serpinc1	Serpinc1
ENSRNOG00000002878	Liver	ENSMUSG00000029369	Afm	Afm
ENSRNOG00000002911	Liver	ENSMUSG00000029368	Alb	Alb
ENSRNOG00000002919	Brain	ENSMUSG00000020932	Gfap	Gfap
ENSRNOG00000002930	Esophagus	ENSMUSG00000039457	Ppl	Ppl
ENSRNOG00000003020	Liver	ENSMUSG00000048856	Slc25a47	Slc25a47
ENSRNOG00000003025	Brain	ENSMUSG00000082229	Nap1l2	AABR07039336.2
ENSRNOG00000003063	Quadriceps	ENSMUSG00000034055	Phka1	Phka1
ENSRNOG00000003064	Ileum,Duodenum,Jejunum	ENSMUSG00000029082	Bst1	Bst1
ENSRNOG00000003098	Colon	ENSMUSG00000029086	Prom1	Prom1
ENSRNOG00000003099	Brain	ENSMUSG00000050148	Ubqln2	Ubqln2
ENSRNOG00000003119	Liver	ENSMUSG00000035540	Gc	Gc
ENSRNOG00000003144	Kidney	ENSMUSG00000051043	Gprc5c	Gprc5c
ENSRNOG00000003171	Esophagus	ENSMUSG00000056569	Mpz	Mpz
ENSRNOG00000003198	Brain	ENSMUSG00000044117	Bmerb1	Bmerb1
ENSRNOG00000003229	Brain	ENSMUSG00000058254	Tspan7	Tspan7
ENSRNOG00000003233	Kidney,Liver	ENSMUSG00000038224	Serpinf2	Serpinf2
ENSRNOG00000003241	Brain	ENSMUSG00000020436	Gabrg2	Gabrg2
ENSRNOG00000003245	Esophagus,Quadriceps	ENSMUSG00000020722	Cacng1	Cacng1
ENSRNOG00000003336	Esophagus,Quadriceps	ENSMUSG00000042451	Mybph	Mybph
ENSRNOG00000003365	Brain	ENSMUSG00000005338	Cadm3	Cadm3
ENSRNOG00000003386	Brain	ENSMUSG00000025576	Rbfox3	Rbfox3
ENSRNOG00000003430	Liver	ENSMUSG00000031138	F9	F9
ENSRNOG00000003500	Liver	ENSMUSG00000005681	Apoa2	Apoa2
ENSRNOG00000003512	Brain	ENSMUSG00000010803	Gabra1	Gabra1
ENSRNOG00000003515	Kidney,Liver	ENSMUSG00000038776	Ephx1	Ephx1
ENSRNOG00000003563	Esophagus	ENSMUSG00000020840	Blmh	Blmh
ENSRNOG00000003566	Liver	ENSMUSG00000000049	Apoh	Apoh
ENSRNOG00000003569	Brain	ENSMUSG00000020428	Gabra6	Gabra6
ENSRNOG00000003620	Liver,Kidney	ENSMUSG00000026691	Fmo3	Fmo3
ENSRNOG00000003674	Esophagus	ENSMUSG00000031379	Pir	Pir
ENSRNOG00000003681	Duodenum,Jejunum,Ileum	ENSMUSG00000026354	Lct	Lct
ENSRNOG00000003709	Liver,Kidney	ENSMUSG00000039783	Kmo	Kmo
ENSRNOG00000003741	Brain	ENSMUSG00000025582	Nptx1	Nptx1
ENSRNOG00000003746	Liver	NA	NA	NA
ENSRNOG00000003763	Liver,Pancreas	ENSMUSG00000025289	Prdx4	Prdx4
ENSRNOG00000003772	Stomach,Kidney	ENSMUSG00000020186	Csrp2	Csrp2
ENSRNOG00000003865	Duodenum,Jejunum,Ileum	ENSMUSG00000020839	Tmigd1	Tmigd1
ENSRNOG00000003872	Duodenum,Jejunum	ENSMUSG00000025993	Slc40a1	NEWGENE_620180
ENSRNOG00000003884	Kidney	ENSMUSG00000026348	Acmsd	Acmsd
ENSRNOG00000003899	Esophagus	ENSMUSG00000045545	Krt14	Krt15
ENSRNOG00000003899	Esophagus	ENSMUSG00000053797	Krt16	Krt15
ENSRNOG00000003902	Ileum,Duodenum,Jejunum	ENSMUSG00000020405	Fabp6	Fabp6
ENSRNOG00000003905	Brain	ENSMUSG00000034187	Nsf	Nsf
ENSRNOG00000003954	Ileum	ENSMUSG00000092463	Gm20489	Il2rg
ENSRNOG00000003960	Kidney	ENSMUSG00000015401	Cltrn	Cltrn
ENSRNOG00000004030	Kidney	ENSMUSG00000026602	Nphs2	Nphs2
ENSRNOG00000004062	Liver	ENSMUSG00000026405	C4bp	C4bpa
ENSRNOG00000004067	Brain	ENSMUSG00000020598	Nrcam	Nrcam
ENSRNOG00000004078	Esophagus,Quadriceps	ENSMUSG00000060600	Eno3	Eno3
ENSRNOG00000004101	Liver	NA	NA	NA
ENSRNOG00000004125	Liver	NA	NA	C4bpb
ENSRNOG00000004147	Esophagus	ENSMUSG00000041828	Abca8a	Abca8a
ENSRNOG00000004222	Colon,Duodenum,Jejunum	ENSMUSG00000040808	S100g	S100g
ENSRNOG00000004298	Kidney,Liver	ENSMUSG00000022304	Dpys	Dpys
ENSRNOG00000004302	Liver,Kidney	ENSMUSG00000020051	Pah	Pah
ENSRNOG00000004303	Kidney	ENSMUSG00000020044	Timp3	Timp3
ENSRNOG00000004322	Heart	ENSMUSG00000040990	Sh3kbp1	Sh3kbp1
ENSRNOG00000004333	Brain	ENSMUSG00000040097	Flywch1	Flywch1
ENSRNOG00000004391	Liver	ENSMUSG00000040134	Rdh7	AABR07057436.1
ENSRNOG00000004400	Liver	ENSMUSG00000020123	Avpr1a	Avpr1a
ENSRNOG00000004423	Brain	ENSMUSG00000063659	Zbtb18	Zbtb18
ENSRNOG00000004438	Brain	ENSMUSG00000055022	Cntn1	Cntn1
ENSRNOG00000004452	Pancreas	ENSMUSG00000045091	Aqp12	Aqp12a
ENSRNOG00000004502	Liver	ENSMUSG00000020017	Hal	Hal
ENSRNOG00000004517	Liver	ENSMUSG00000020053	Igf1	Igf1
ENSRNOG00000004555	Liver	ENSMUSG00000019368	Sec14l4	Sec14l4
ENSRNOG00000004601	Liver	ENSMUSG00000027261	Hao1	Hao1
ENSRNOG00000004613	Brain	ENSMUSG00000031342	Gpm6b	Gpm6b
ENSRNOG00000004680	Brain	ENSMUSG00000026764	Kif5c	Kif5c
ENSRNOG00000004695	Brain	ENSMUSG00000034818	Celf5	Celf5
ENSRNOG00000004713	Kidney	ENSMUSG00000051497	Kcnj16	Kcnj16
ENSRNOG00000004725	Pancreas	NA	NA	NA
ENSRNOG00000004753	Brain	ENSMUSG00000027438	Napb	Napb
ENSRNOG00000004772	Ileum	ENSMUSG00000026832	Cytip	Cytip
ENSRNOG00000004781	Brain	ENSMUSG00000029121	Crmp1	Crmp1
ENSRNOG00000004783	Brain	ENSMUSG00000048388	Fam171b	Fam171b
ENSRNOG00000004794	Brain	ENSMUSG00000021087	Rtn1	Rtn1
ENSRNOG00000004878	Quadriceps,Esophagus	ENSMUSG00000035923	Myf6	Myf6
ENSRNOG00000004903	Liver	ENSMUSG00000031168	Ebp	Ebp
ENSRNOG00000004958	Kidney	ENSMUSG00000022366	Slc22a22	Slc22a22
ENSRNOG00000004972	Duodenum,Jejunum	ENSMUSG00000020407	Upp1	Upp1
ENSRNOG00000005041	Heart	ENSMUSG00000006356	Crip2	Crip2
ENSRNOG00000005063	Brain	ENSMUSG00000021066	Atl1	Atl1
ENSRNOG00000005299	Brain	ENSMUSG00000074657	Kif5a	Kif5a
ENSRNOG00000005307	Brain	ENSMUSG00000026904	Slc4a10	Slc4a10
ENSRNOG00000005326	Brain	ENSMUSG00000044629	Cnrip1	Cnrip1
ENSRNOG00000005332	Brain	ENSMUSG00000042109	Csdc2	Csdc2
ENSRNOG00000005345	Brain	ENSMUSG00000054459	Vsnl1	Vsnl1
ENSRNOG00000005367	Kidney	ENSMUSG00000027202	Slc12a1	Slc12a1
ENSRNOG00000005404	Brain	ENSMUSG00000027347	Rasgrp1	Rasgrp1
ENSRNOG00000005413	Colon	ENSMUSG00000027230	Creb3l1	Creb3l1
ENSRNOG00000005437	Liver,Kidney	ENSMUSG00000022323	Rida	Rida
ENSRNOG00000005438	Brain	ENSMUSG00000027419	Pcsk2	Pcsk2
ENSRNOG00000005457	Brain	ENSMUSG00000027270	Lamp5	Lamp5
ENSRNOG00000005479	Brain	ENSMUSG00000005089	Slc1a2	Slc1a2
ENSRNOG00000005561	Brain	ENSMUSG00000028351	Brinp1	Brinp1
ENSRNOG00000005609	Brain	ENSMUSG00000034701	Neurod1	Neurod1
ENSRNOG00000005669	Brain	ENSMUSG00000041261	Car8	Ca8
ENSRNOG00000005700	Brain	ENSMUSG00000029126	Nsg1	Nsg1
ENSRNOG00000005787	Pancreas	ENSMUSG00000030219	Erp27	Erp27
ENSRNOG00000005794	Liver	ENSMUSG00000021135	Slc10a1	Slc10a1
ENSRNOG00000005809	Ileum	ENSMUSG00000030220	Arhgdib	Arhgdib
ENSRNOG00000005825	Duodenum,Jejunum,Ileum	ENSMUSG00000069516	Lyz2	Lyz2
ENSRNOG00000005825	Duodenum,Jejunum,Ileum	ENSMUSG00000069515	Lyz1	Lyz2
ENSRNOG00000005858	Kidney	ENSMUSG00000032758	Kap	Kap
ENSRNOG00000005861	Kidney,Liver	NA	NA	Hsd11b1
ENSRNOG00000005872	Ileum	ENSMUSG00000000782	Tcf7	Tcf7
ENSRNOG00000005930	Liver	ENSMUSG00000032271	Nnmt	Nnmt
ENSRNOG00000005931	Liver,Kidney	ENSMUSG00000039007	Cpq	Cpq
ENSRNOG00000005944	Esophagus	ENSMUSG00000022596	Slurp1	Slurp1
ENSRNOG00000005957	Duodenum,Jejunum	ENSMUSG00000021733	Slc4a7	Slc4a7
ENSRNOG00000005988	Brain	ENSMUSG00000026426	Arl8a	Arl8a
ENSRNOG00000006037	Brain	ENSMUSG00000027273	Snap25	Snap25
ENSRNOG00000006075	Brain	ENSMUSG00000032118	Fez1	Fez1
ENSRNOG00000006235	Brain	ENSMUSG00000022454	Nell2	Nell2
ENSRNOG00000006237	Brain	ENSMUSG00000026424	Gpr37l1	Gpr37l1
ENSRNOG00000006248	Brain	ENSMUSG00000018548	Trim37	Trim37
ENSRNOG00000006302	Kidney	ENSMUSG00000032350	Gclc	Gclc
ENSRNOG00000006331	Liver	ENSMUSG00000032349	Elovl5	Elovl5
ENSRNOG00000006360	Pancreas	ENSMUSG00000079516	Reg3a	Reg3a
ENSRNOG00000006369	Brain	ENSMUSG00000039740	Alg2	Alg2
ENSRNOG00000006388	Liver	ENSMUSG00000021069	Pygl	Pygl
ENSRNOG00000006426	Brain	ENSMUSG00000035864	Syt1	Syt1
ENSRNOG00000006471	Brain,Quadriceps	ENSMUSG00000005716	Pvalb	
ENSRNOG00000006486	Duodenum,Jejunum,Pancreas	ENSMUSG00000059654	Reg1	Reg1a
ENSRNOG00000006508	Kidney	ENSMUSG00000054474	Thnsl2	Thnsl2
ENSRNOG00000006527	Brain	ENSMUSG00000030310	Slc6a1	Slc6a1
ENSRNOG00000006557	Brain	ENSMUSG00000020340	Cyfip2	Cyfip2
ENSRNOG00000006579	Duodenum,Jejunum,Ileum	ENSMUSG00000030017	Reg3g	Reg3g
ENSRNOG00000006604	Brain	ENSMUSG00000032011	Thy1	Thy1
ENSRNOG00000006623	Liver	ENSMUSG00000060703	Cd302	Cd302
ENSRNOG00000006653	Liver	ENSMUSG00000022464	Slc38a4	Slc38a4
ENSRNOG00000006709	Liver	ENSMUSG00000030359	Pzp	Pzp
ENSRNOG00000006753	Colon,Esophagus	ENSMUSG00000027401	Tgm3	Tgm3
ENSRNOG00000006761	Brain	ENSMUSG00000028488	Sh3gl2	Sh3gl2
ENSRNOG00000006783	Esophagus,Quadriceps	ENSMUSG00000026950	Neb	Neb
ENSRNOG00000006787	Liver	ENSMUSG00000034926	Dhcr24	Dhcr24
ENSRNOG00000006795	Kidney	ENSMUSG00000033096	Apmap	Apmap
ENSRNOG00000006824	Brain	ENSMUSG00000034245	Hdac11	Hdac11
ENSRNOG00000006845	Stomach,Esophagus	ENSMUSG00000043430	Psapl1	Psapl1
ENSRNOG00000006889	Liver	ENSMUSG00000028356	Ambp	Ambp
ENSRNOG00000006930	Esophagus,Quadriceps	ENSMUSG00000007122	Casq1	Casq1
ENSRNOG00000006957	Brain	ENSMUSG00000025892	Gria4	Gria4
ENSRNOG00000006962	Brain	ENSMUSG00000015981	Stk32c	Stk32c
ENSRNOG00000006963	Stomach	ENSMUSG00000004552	Ctse	Ctse
ENSRNOG00000006979	Brain	ENSMUSG00000028785	Hpca	Hpca
ENSRNOG00000006989	Brain	ENSMUSG00000020894	Vamp2	Vamp2
ENSRNOG00000007006	Kidney	ENSMUSG00000024131	Slc3a1	Slc3a1
ENSRNOG00000007080	Kidney	ENSMUSG00000028357	Kif12	Kif12
ENSRNOG00000007089	Kidney	ENSMUSG00000021190	Lgmn	Lgmn
ENSRNOG00000007092	Liver	ENSMUSG00000033831	Fgb	Fgb
ENSRNOG00000007104	Brain	ENSMUSG00000030102	Itpr1	Itpr1
ENSRNOG00000007139	Liver	ENSMUSG00000073988	Ttpa	Ttpa
ENSRNOG00000007142	Brain	ENSMUSG00000045994	B3gat1	B3gat1
ENSRNOG00000007147	Brain	ENSMUSG00000021259	Cyp46a1	Cyp46a1
ENSRNOG00000007218	Duodenum,Jejunum,Liver	ENSMUSG00000036216	Leap2	Leap2
ENSRNOG00000007334	Brain	ENSMUSG00000022577	Ly6h	Ly6h
ENSRNOG00000007350	Colon,Ileum	ENSMUSG00000033220	Rac2	Rac2
ENSRNOG00000007351	Pancreas	ENSMUSG00000073987	Ggh	Ggh
ENSRNOG00000007367	Brain	ENSMUSG00000020486	Septin4	Septin4
ENSRNOG00000007378	Liver	ENSMUSG00000021751	Acox2	Acox2
ENSRNOG00000007393	Kidney	ENSMUSG00000005125	Ndrg1	Ndrg1
ENSRNOG00000007395	Liver	ENSMUSG00000039653	Baat	Baat
ENSRNOG00000007456	Brain,Kidney	ENSMUSG00000028222	Calb1	Calb1
ENSRNOG00000007457	Liver	ENSMUSG00000023224	Serping1	Serping1
ENSRNOG00000007461	Quadriceps,Esophagus	ENSMUSG00000075307	Klhl41	Klhl41
ENSRNOG00000007467	Ileum,Duodenum,Jejunum	ENSMUSG00000101605	Ace3	Ace3
ENSRNOG00000007491	Colon	ENSMUSG00000049604	Hoxb13	Hoxb13
ENSRNOG00000007516	Quadriceps,Esophagus	ENSMUSG00000027077	Smtnl1	Smtnl1
ENSRNOG00000007519	Esophagus	ENSMUSG00000030095	Tmem43	Tmem43
ENSRNOG00000007541	Esophagus	ENSMUSG00000032643	Fhl3	Fhl3
ENSRNOG00000007542	Brain	ENSMUSG00000023236	Scg5	Scg5
ENSRNOG00000007584	Heart	ENSMUSG00000027293	Ehd4	Ehd4
ENSRNOG00000007597	Kidney	ENSMUSG00000022580	Rhpn1	Rhpn1
ENSRNOG00000007601	Liver	ENSMUSG00000047492	Inhbe	Inhbe
ENSRNOG00000007632	Esophagus,Quadriceps	ENSMUSG00000021815	Mss51	Mss51
ENSRNOG00000007639	Liver	ENSMUSG00000029656	C8b	C8b
ENSRNOG00000007686	Brain	ENSMUSG00000022456	Septin3	Septin3
ENSRNOG00000007687	Quadriceps,Brain	ENSMUSG00000038264	Sema7a	Sema7a
ENSRNOG00000007697	Liver	ENSMUSG00000035031	C8a	C8a
ENSRNOG00000007722	Esophagus	ENSMUSG00000069808	Tlcd3a	Tlcd3a
ENSRNOG00000007733	Brain	ENSMUSG00000025656	Arhgef9	Arhgef9
ENSRNOG00000007740	Esophagus	ENSMUSG00000051397	Tacstd2	Tacstd2
ENSRNOG00000007743	Liver	ENSMUSG00000008540	Mgst1	Mgst1
ENSRNOG00000007808	Brain	ENSMUSG00000055430	Nap1l5	Nap1l5
ENSRNOG00000007869	Brain	ENSMUSG00000020811	Wscd1	Wscd1
ENSRNOG00000007886	Liver	ENSMUSG00000039196	Orm1	Orm1
ENSRNOG00000007886	Liver	ENSMUSG00000028359	Orm3	Orm1
ENSRNOG00000007886	Liver	ENSMUSG00000061540	Orm2	Orm1
ENSRNOG00000007949	Kidney,Liver	ENSMUSG00000023070	Rgn	Rgn
ENSRNOG00000007989	Brain	ENSMUSG00000027221	Chst1	Chst1
ENSRNOG00000007999	Quadriceps	ENSMUSG00000042895	Abra	Abra
ENSRNOG00000008000	Brain	ENSMUSG00000027220	Syt13	Syt13
ENSRNOG00000008057	Kidney	ENSMUSG00000023039	Krt7	Krt7
ENSRNOG00000008117	Kidney	ENSMUSG00000038072	Galnt11	Galnt11
ENSRNOG00000008141	Heart	ENSMUSG00000029019	Nppb	Nppb
ENSRNOG00000008157	Brain	ENSMUSG00000009394	Syn2	Syn2
ENSRNOG00000008161	Kidney	ENSMUSG00000028716	Pdzk1ip1	Pdzk1ip1
ENSRNOG00000008169	Brain	ENSMUSG00000037996	Slc24a2	Slc24a2
ENSRNOG00000008170	Heart,Quadriceps	ENSMUSG00000017817	Jph2	Jph2
ENSRNOG00000008176	Heart	ENSMUSG00000041616	Nppa	Nppa
ENSRNOG00000008203	Brain	ENSMUSG00000056296	Synpr	Synpr
ENSRNOG00000008210	Quadriceps	ENSMUSG00000035606	Ky	Ky
ENSRNOG00000008223	Brain	ENSMUSG00000044288	Cnr1	Cnr1
ENSRNOG00000008235	Esophagus,Quadriceps	ENSMUSG00000027470	Mylk2	Mylk2
ENSRNOG00000008364	Kidney,Liver	ENSMUSG00000027187	Cat	Cat
ENSRNOG00000008422	Colon	ENSMUSG00000009356	Lpo	Lpo
ENSRNOG00000008431	Brain	ENSMUSG00000039809	Gabbr2	Gabbr2
ENSRNOG00000008432	Kidney	ENSMUSG00000018900	Slc22a5	Slc22a5
ENSRNOG00000008474	Liver	ENSMUSG00000029098	Acox3	Acox3
ENSRNOG00000008517	Stomach	ENSMUSG00000049521	Cdc42ep1	Cdc42ep1
ENSRNOG00000008536	Esophagus,Heart	ENSMUSG00000068614	Actc1	Actc1
ENSRNOG00000008543	Esophagus	ENSMUSG00000022090	Pdlim2	Pdlim2
ENSRNOG00000008570	Brain	ENSMUSG00000054423	Cadps	Cadps
ENSRNOG00000008592	Esophagus	ENSMUSG00000032033	Barx2	Barx2
ENSRNOG00000008609	Esophagus,Quadriceps	ENSMUSG00000079110	Capn3	Capn3
ENSRNOG00000008638	Liver	ENSMUSG00000028553	Angptl3	Angptl3
ENSRNOG00000008656	Brain	ENSMUSG00000025889	Snca	Snca
ENSRNOG00000008668	Esophagus	ENSMUSG00000049598	Vsig8	Vsig8
ENSRNOG00000008694	Kidney	ENSMUSG00000022613	Miox	Miox
ENSRNOG00000008716	Brain	NA	NA	Nefh
ENSRNOG00000008761	Brain	NA	NA	NA
ENSRNOG00000008798	Liver	ENSMUSG00000017453	Pipox	Pipox
ENSRNOG00000008810	Brain	ENSMUSG00000006476	Nsmf	Nsmf
ENSRNOG00000008837	Kidney,Liver	ENSMUSG00000076441	Ass1	Ass1
ENSRNOG00000008838	Stomach	ENSMUSG00000030050	Gkn1	Gkn1
ENSRNOG00000008842	Kidney	ENSMUSG00000066071	Cyp4a12a	Cyp4a8
ENSRNOG00000008842	Kidney	ENSMUSG00000078597	Cyp4a12b	Cyp4a8
ENSRNOG00000008902	Liver	ENSMUSG00000002588	Pon1	Pon1
ENSRNOG00000008919	Brain	ENSMUSG00000032503	Arpp21	Arpp21
ENSRNOG00000008943	Brain	ENSMUSG00000045573	Penk	Penk
ENSRNOG00000008971	Ileum,Duodenum,Jejunum	ENSMUSG00000017688	Hnf4g	Hnf4g
ENSRNOG00000008979	Ileum,Duodenum,Jejunum	ENSMUSG00000032978	Guca2b	Guca2b
ENSRNOG00000008988	Kidney,Liver	ENSMUSG00000022445	Cyp2d26	Cyp2d2
ENSRNOG00000008989	Kidney	ENSMUSG00000021947	Cryl1	Cryl1
ENSRNOG00000008990	Esophagus,Quadriceps	ENSMUSG00000013076	Amotl1	Amotl1
ENSRNOG00000009005	Liver	ENSMUSG00000032548	Slco2a1	Slco2a1
ENSRNOG00000009047	Esophagus	ENSMUSG00000042045	Sln	Sln
ENSRNOG00000009050	Kidney	ENSMUSG00000021278	Amn	Amn
ENSRNOG00000009054	Brain	ENSMUSG00000041986	Elmod1	Elmod1
ENSRNOG00000009066	Brain	ENSMUSG00000058756	Thra	Thra
ENSRNOG00000009073	Esophagus	ENSMUSG00000026418	Tnni1	Tnni1
ENSRNOG00000009074	Ileum	ENSMUSG00000076928	Trac	AABR07017902.1
ENSRNOG00000009086	Kidney,Liver	ENSMUSG00000026542	Apcs	Apcs
ENSRNOG00000009096	Liver	ENSMUSG00000029759	Pon3	Pon3
ENSRNOG00000009115	Stomach,Esophagus	NA	NA	NA
ENSRNOG00000009140	Brain	NA	NA	NA
ENSRNOG00000009161	Brain	ENSMUSG00000033392	Clasp2	Clasp2
ENSRNOG00000009198	Brain	ENSMUSG00000032549	Rab6b	Rab6b
ENSRNOG00000009236	Brain	ENSMUSG00000030327	Necap1	Necap1
ENSRNOG00000009256	Stomach	ENSMUSG00000030049	Gkn2	Gkn2
ENSRNOG00000009273	Liver	NA	NA	NA
ENSRNOG00000009298	Brain	ENSMUSG00000029001	Fbxo44	Fbxo44
ENSRNOG00000009313	Kidney	ENSMUSG00000029103	Lrpap1	Lrpap1
ENSRNOG00000009343	Esophagus	ENSMUSG00000034282	Evpl	Evpl
ENSRNOG00000009345	Brain	ENSMUSG00000032854	Ugt8a	Ugt8
ENSRNOG00000009383	Stomach,Esophagus	NA	NA	
ENSRNOG00000009388	Esophagus,Stomach	NA	NA	Sptssb
ENSRNOG00000009399	Stomach,Esophagus	ENSMUSG00000075217	Fads2b	Fads2b
ENSRNOG00000009409	Brain	ENSMUSG00000041556	Fbxo2	Fbxo2
ENSRNOG00000009411	Brain	ENSMUSG00000004633	Chn2	Chn2
ENSRNOG00000009434	Liver	ENSMUSG00000033688	1300017J02Rik	RGD1310507
ENSRNOG00000009438	Liver	ENSMUSG00000060807	Serpina6	Serpina6
ENSRNOG00000009445	Esophagus	NA	NA	NA
ENSRNOG00000009488	Liver	ENSMUSG00000028240	Cyp7a1	Cyp7a1
ENSRNOG00000009539	Brain	ENSMUSG00000022332	Khdrbs3	Khdrbs3
ENSRNOG00000009563	Esophagus	ENSMUSG00000064201	Krt2	Krt2
ENSRNOG00000009570	Brain	ENSMUSG00000116165	Pdxp	Pdxp
ENSRNOG00000009574	Stomach,Esophagus	ENSMUSG00000027913	Crct1	Crct1
ENSRNOG00000009588	Brain	ENSMUSG00000027457	Snph	Snph
ENSRNOG00000009602	Stomach	NA	NA	AABR07012329.1
ENSRNOG00000009620	Duodenum,Jejunum	ENSMUSG00000027015	Cybrd1	Cybrd1
ENSRNOG00000009625	Brain	ENSMUSG00000022048	Dpysl2	Dpysl2
ENSRNOG00000009636	Brain	ENSMUSG00000019124	Scrn1	Scrn1
ENSRNOG00000009660	Kidney	ENSMUSG00000038173	Enpp6	Enpp6
ENSRNOG00000009700	Brain	ENSMUSG00000029757	Dync1i1	Dync1i1
ENSRNOG00000009705	Ileum	ENSMUSG00000000409	Lck	Lck
ENSRNOG00000009741	Liver,Kidney	NA	NA	NA
ENSRNOG00000009773	Esophagus	ENSMUSG00000032262	Elovl4	Elovl4
ENSRNOG00000009788	Liver	NA	NA	Serpina4
ENSRNOG00000009862	Brain	ENSMUSG00000026833	Olfm1	Olfm1
ENSRNOG00000009882	Brain	ENSMUSG00000028161	Ppp3ca	Ppp3ca
ENSRNOG00000009897	Kidney	ENSMUSG00000006216	Clcnkb	Clcnkb
ENSRNOG00000009903	Pancreas	ENSMUSG00000034139	Serpini2	Serpini2
ENSRNOG00000009921	Liver	ENSMUSG00000066361	Serpina3c	Serpina3m
ENSRNOG00000009921	Liver	ENSMUSG00000058207	Serpina3k	Serpina3m
ENSRNOG00000009921	Liver	ENSMUSG00000079012	Serpina3m	Serpina3m
ENSRNOG00000009945	Ileum,Duodenum,Jejunum	ENSMUSG00000049493	Pls1	Pls1
ENSRNOG00000009951	Kidney	ENSMUSG00000001864	Aif1l	Aif1l
ENSRNOG00000010031	Liver	ENSMUSG00000017344	Vtn	Vtn
ENSRNOG00000010068	Quadriceps	ENSMUSG00000051373	Plpp7	Plpp7
ENSRNOG00000010076	Esophagus	ENSMUSG00000026413	Pkp1	Pkp1
ENSRNOG00000010085	Kidney	ENSMUSG00000022132	Cldn10	Cldn10
ENSRNOG00000010128	Kidney,Liver	ENSMUSG00000027359	Slc27a2	Slc27a2
ENSRNOG00000010146	Brain	ENSMUSG00000033585	Ndn	Ndn
ENSRNOG00000010196	Kidney	ENSMUSG00000045594	Glb1	Glb1
ENSRNOG00000010199	Brain	ENSMUSG00000028020	Glrb	Glrb
ENSRNOG00000010232	Brain	ENSMUSG00000023960	Enpp5	Enpp5
ENSRNOG00000010233	Colon	ENSMUSG00000029761	Cald1	Cald1
ENSRNOG00000010248	Brain	ENSMUSG00000027834	Serpini1	Serpini1
ENSRNOG00000010263	Brain	ENSMUSG00000037625	Cldn11	Cldn11
ENSRNOG00000010319	Ileum	ENSMUSG00000021998	Lcp1	Lcp1
ENSRNOG00000010349	Stomach	ENSMUSG00000064177	Ghrl	Ghrl
ENSRNOG00000010350	Brain,Heart	ENSMUSG00000039601	Rcan2	Rcan2
ENSRNOG00000010365	Brain	ENSMUSG00000037217	Syn1	Syn1
ENSRNOG00000010388	Kidney	ENSMUSG00000079263	Gm6614	Slco1a3
ENSRNOG00000010406	Pancreas	ENSMUSG00000026818	Cel	Cel
ENSRNOG00000010410	Liver	ENSMUSG00000066361	Serpina3c	Serpina3c
ENSRNOG00000010410	Liver	ENSMUSG00000058207	Serpina3k	Serpina3c
ENSRNOG00000010410	Liver	ENSMUSG00000079012	Serpina3m	Serpina3c
ENSRNOG00000010451	Kidney	ENSMUSG00000006469	Slc34a3	Slc34a3
ENSRNOG00000010463	Esophagus	ENSMUSG00000039070	Cpa4	Cpa4
ENSRNOG00000010478	Liver	ENSMUSG00000066361	Serpina3c	Serpina3n
ENSRNOG00000010478	Liver	ENSMUSG00000058207	Serpina3k	Serpina3n
ENSRNOG00000010478	Liver	ENSMUSG00000079012	Serpina3m	Serpina3n
ENSRNOG00000010478	Liver	ENSMUSG00000021091	Serpina3n	Serpina3n
ENSRNOG00000010516	Stomach,Kidney	ENSMUSG00000021822	Plau	Plau
ENSRNOG00000010519	Liver	ENSMUSG00000023963	Cyp39a1	Cyp39a1
ENSRNOG00000010600	Esophagus	ENSMUSG00000036731	Cysrt1	Cysrt1
ENSRNOG00000010607	Brain	ENSMUSG00000044628	Rnf208	Rnf208
ENSRNOG00000010633	Heart,Liver	ENSMUSG00000018796	Acsl1	Acsl1
ENSRNOG00000010635	Liver	ENSMUSG00000017493	Igfbp4	Igfbp4
ENSRNOG00000010665	Ileum	ENSMUSG00000037944	Ccr7	Ccr7
ENSRNOG00000010688	Brain	ENSMUSG00000053310	Nrgn	Nrgn
ENSRNOG00000010698	Colon	ENSMUSG00000027556	Car1	Car1
ENSRNOG00000010714	Liver	ENSMUSG00000031594	Fgl1	Fgl1
ENSRNOG00000010725	Pancreas	ENSMUSG00000054446	Cpa1	Cpa1
ENSRNOG00000010731	Brain	ENSMUSG00000031517	Gpm6a	Gpm6a
ENSRNOG00000010784	Brain	ENSMUSG00000032181	Scg3	Scg3
ENSRNOG00000010793	Brain	ENSMUSG00000036966	Spryd3	Spryd3
ENSRNOG00000010834	Brain	ENSMUSG00000041708	Mpped1	Mpped1
ENSRNOG00000010887	Kidney	ENSMUSG00000031938	4931406C07Rik	RGD1309534
ENSRNOG00000010935	Liver	ENSMUSG00000021999	Cpb2	Cpb2
ENSRNOG00000011016	Liver	ENSMUSG00000031596	Slc7a2	Slc7a2
ENSRNOG00000011054	Ileum	ENSMUSG00000028581	Laptm5	Laptm5
ENSRNOG00000011068	Duodenum,Jejunum	ENSMUSG00000024899	Papss2	Papss2
ENSRNOG00000011076	Brain	ENSMUSG00000032826	Ank2	Ank2
ENSRNOG00000011141	Liver	ENSMUSG00000063232	Serpina11	Serpina11
ENSRNOG00000011156	Brain	ENSMUSG00000008153	Clstn3	Clstn3
ENSRNOG00000011160	Brain	ENSMUSG00000053025	Sv2b	Sv2b
ENSRNOG00000011189	Kidney	ENSMUSG00000023262	Acy1	Acy1
ENSRNOG00000011200	Liver	ENSMUSG00000069324	Gm5096	Bhmt
ENSRNOG00000011200	Liver	ENSMUSG00000074768	Bhmt	Bhmt
ENSRNOG00000011227	Quadriceps,Brain	ENSMUSG00000041329	Atp1b2	Atp1b2
ENSRNOG00000011250	Kidney	ENSMUSG00000003477	Inmt	Inmt
ENSRNOG00000011258	Liver	ENSMUSG00000028979	Masp2	Masp2
ENSRNOG00000011269	Liver	ENSMUSG00000023943	Sult1c1	Sult1c3
ENSRNOG00000011323	Brain	ENSMUSG00000033595	Lgi3	Lgi3
ENSRNOG00000011351	Liver	ENSMUSG00000037798	Mat1a	Mat1a
ENSRNOG00000011352	Stomach	ENSMUSG00000030530	Furin	Furin
ENSRNOG00000011381	Esophagus,Brain	ENSMUSG00000032281	Acsbg1	Acsbg1
ENSRNOG00000011423	Esophagus	ENSMUSG00000021506	Pitx1	Pitx1
ENSRNOG00000011452	Brain	ENSMUSG00000017390	Aldoc	Aldoc
ENSRNOG00000011474	Liver	ENSMUSG00000046794	Ppp1r3b	Ppp1r3b
ENSRNOG00000011490	Liver	ENSMUSG00000047822	Angptl8	Angptl8
ENSRNOG00000011550	Brain	ENSMUSG00000028931	Kcnab2	Kcnab2
ENSRNOG00000011598	Duodenum,Jejunum,Ileum	ENSMUSG00000025557	Slc15a1	Slc15a1
ENSRNOG00000011612	Liver	ENSMUSG00000028011	Tdo2	Tdo2
ENSRNOG00000011635	Liver	NA	NA	Ces2e
ENSRNOG00000011705	Brain	ENSMUSG00000027500	Stmn2	Stmn2
ENSRNOG00000011706	Liver	ENSMUSG00000037780	Mbl1	Mbl1
ENSRNOG00000011726	Brain	ENSMUSG00000026959	Grin1	Grin1
ENSRNOG00000011747	Liver	ENSMUSG00000040883	Tmem205	Tmem205
ENSRNOG00000011751	Brain	ENSMUSG00000028833	Ncdn	Ncdn
ENSRNOG00000011821	Esophagus	ENSMUSG00000001020	S100a4	S100a4
ENSRNOG00000011841	Brain	ENSMUSG00000015222	Map2	Map2
ENSRNOG00000011861	Liver,Kidney	ENSMUSG00000057228	Aadat	Aadat
ENSRNOG00000011891	Kidney,Brain	ENSMUSG00000006273	Atp6v1b2	Atp6v1b2
ENSRNOG00000011901	Heart	ENSMUSG00000031880	Rrad	Rrad
ENSRNOG00000011907	Stomach,Esophagus	ENSMUSG00000006777	Krt23	Krt23
ENSRNOG00000011913	Liver	ENSMUSG00000003617	Cp	Cp
ENSRNOG00000011917	Ileum	ENSMUSG00000040592	Cd79b	Cd79b
ENSRNOG00000011944	Brain	ENSMUSG00000038301	Snx10	Snx10
ENSRNOG00000012052	Pancreas	ENSMUSG00000035804	Ins1	Ins1
ENSRNOG00000012061	Brain	ENSMUSG00000052889	Prkcb	Prkcb
ENSRNOG00000012110	Esophagus	ENSMUSG00000025064	Col17a1	Col17a1
ENSRNOG00000012142	Liver,Kidney	ENSMUSG00000063683	Glyat	Glyat
ENSRNOG00000012164	Brain	ENSMUSG00000040563	Plppr2	Plppr2
ENSRNOG00000012181	Heart	ENSMUSG00000015568	Lpl	Lpl
ENSRNOG00000012189	Liver	ENSMUSG00000021539	Lect2	Lect2
ENSRNOG00000012196	Ileum,Duodenum,Jejunum	ENSMUSG00000024887	Asah2	Asah2
ENSRNOG00000012222	Kidney	ENSMUSG00000031881	Cdh16	Cdh16
ENSRNOG00000012273	Kidney,Brain	ENSMUSG00000022099	Dmtn	Dmtn
ENSRNOG00000012307	Heart	ENSMUSG00000002100	Mybpc3	Mybpc3
ENSRNOG00000012387	Liver,Kidney	ENSMUSG00000024694	Keg1	Glyatl2
ENSRNOG00000012390	Stomach	ENSMUSG00000071230	Npw	Npw
ENSRNOG00000012404	Liver	ENSMUSG00000035686	Thrsp	Thrsp
ENSRNOG00000012440	Kidney	ENSMUSG00000054733	Msra	Msra
ENSRNOG00000012458	Kidney,Liver	ENSMUSG00000025479	Cyp2e1	Cyp2e1
ENSRNOG00000012482	Heart,Brain	ENSMUSG00000036564	Ndrg4	Ndrg4
ENSRNOG00000012581	Duodenum,Jejunum	ENSMUSG00000015519	2310057J18Rik	RGD1311933
ENSRNOG00000012613	Liver	ENSMUSG00000026368	F13b	F13b
ENSRNOG00000012620	Brain	ENSMUSG00000007021	Syngr3	Syngr3
ENSRNOG00000012640	Kidney	ENSMUSG00000026958	Dpp7	Dpp7
ENSRNOG00000012747	Brain	ENSMUSG00000056222	Spock1	Spock1
ENSRNOG00000012794	Liver,Kidney	ENSMUSG00000035637	Grhpr	Grhpr
ENSRNOG00000012940	Brain	ENSMUSG00000041236	Vps41	Vps41
ENSRNOG00000013004	Liver	ENSMUSG00000038641	Akr1d1	Akr1d1
ENSRNOG00000013061	Brain	ENSMUSG00000118664	Tusc3	Tusc3
ENSRNOG00000013137	Liver	ENSMUSG00000014542	Clec4f	Clec4f
ENSRNOG00000013162	Brain	ENSMUSG00000036699	Zcchc12	Zcchc12
ENSRNOG00000013201	Kidney	ENSMUSG00000040813	Tex264	Tex264
ENSRNOG00000013203	Pancreas	NA	NA	
ENSRNOG00000013220	Ileum	ENSMUSG00000035697	Arhgap45	Arhgap45
ENSRNOG00000013223	Kidney,Liver	ENSMUSG00000030630	Fah	Fah
ENSRNOG00000013245	Pancreas	ENSMUSG00000094808	1810009J06Rik	
ENSRNOG00000013245	Pancreas	ENSMUSG00000096525	Gm2663	
ENSRNOG00000013262	Esophagus,Quadriceps	ENSMUSG00000061816	Myl1	Myl1
ENSRNOG00000013280	Duodenum,Jejunum,Ileum	ENSMUSG00000022026	Olfm4	Olfm4
ENSRNOG00000013290	Brain	ENSMUSG00000034825	Nrip3	Nrip3
ENSRNOG00000013291	Liver,Kidney	ENSMUSG00000025197	Cyp2c23	Cyp2c23
ENSRNOG00000013304	Liver	ENSMUSG00000019987	Arg1	Arg1
ENSRNOG00000013373	Stomach	NA	NA	NA
ENSRNOG00000013382	Pancreas	ENSMUSG00000029882	2210010C04Rik	Prss3b
ENSRNOG00000013409	Kidney	ENSMUSG00000028124	Gclm	Gclm
ENSRNOG00000013419	Kidney	ENSMUSG00000035878	Hykk	Hykk
ENSRNOG00000013428	Kidney	ENSMUSG00000038600	Atp6v0a4	Atp6v0a4
ENSRNOG00000013439	Liver	ENSMUSG00000025196	Cpn1	Cpn1
ENSRNOG00000013464	Colon,Pancreas	NA	NA	NA
ENSRNOG00000013484	Kidney,Liver	NA	NA	Gsta1
ENSRNOG00000013496	Esophagus	ENSMUSG00000025433	Crisp3	Crisp3
ENSRNOG00000013496	Esophagus	ENSMUSG00000025431	Crisp1	Crisp3
ENSRNOG00000013552	Liver	ENSMUSG00000037071	Scd1	Scd
ENSRNOG00000013616	Kidney	NA	NA	NA
ENSRNOG00000013628	Pancreas	ENSMUSG00000058579	Cela2a	Cela2a
ENSRNOG00000013657	Brain	ENSMUSG00000027581	Stmn3	Stmn3
ENSRNOG00000013658	Brain	ENSMUSG00000022055	Nefl	Nefl
ENSRNOG00000013684	Liver	ENSMUSG00000031645	F11	F11
ENSRNOG00000013736	Liver	ENSMUSG00000022149	C9	C9
ENSRNOG00000013745	Pancreas	NA	NA	Ctrc
ENSRNOG00000013751	Kidney	ENSMUSG00000031485	Plpbp	Plpbp
ENSRNOG00000013752	Brain	ENSMUSG00000003410	Elavl3	Elavl3
ENSRNOG00000013760	Esophagus	ENSMUSG00000040154	Wfdc5	Wfdc5
ENSRNOG00000013768	Kidney	ENSMUSG00000044748	Defb1	Defb1
ENSRNOG00000013791	Duodenum,Jejunum	ENSMUSG00000019989	Enpp3	Enpp3
ENSRNOG00000013794	Kidney,Liver	ENSMUSG00000046402	Rbp1	Rbp1
ENSRNOG00000013808	Kidney	ENSMUSG00000061825	Ces2c	Ces2g
ENSRNOG00000013908	Esophagus	ENSMUSG00000027484	Bpifa5	Bpifa5
ENSRNOG00000013916	Brain	NA	NA	Nefm
ENSRNOG00000013925	Kidney	ENSMUSG00000030562	Nox4	Nox4
ENSRNOG00000013932	Ileum,Duodenum,Jejunum	ENSMUSG00000032454	Rbp2	Rbp2
ENSRNOG00000013939	Esophagus	ENSMUSG00000039775	Defb3	Defb4
ENSRNOG00000013939	Esophagus	ENSMUSG00000059230	Defb4	Defb4
ENSRNOG00000013954	Kidney	ENSMUSG00000028766	Alpl	Alpl
ENSRNOG00000013981	Brain	ENSMUSG00000030854	Ptpn5	Ptpn5
ENSRNOG00000013982	Duodenum,Jejunum	ENSMUSG00000031844	Hsd17b2	Hsd17b2
ENSRNOG00000014025	Brain	ENSMUSG00000032356	Rasgrf1	Rasgrf1
ENSRNOG00000014035	Brain	ENSMUSG00000037509	Arhgef4	Arhgef4
ENSRNOG00000014060	Brain	ENSMUSG00000032470	Mras	Mras
ENSRNOG00000014064	Kidney	ENSMUSG00000032359	Ctsh	Ctsh
ENSRNOG00000014070	Stomach,Esophagus	ENSMUSG00000044041	Krt13	Krt13
ENSRNOG00000014070	Stomach,Esophagus	ENSMUSG00000054146	Krt15	Krt13
ENSRNOG00000014099	Stomach,Esophagus	NA	NA	NA
ENSRNOG00000014107	Brain	ENSMUSG00000049612	Omg	Omg
ENSRNOG00000014118	Liver	ENSMUSG00000109764	Klkb1	Klkb1
ENSRNOG00000014168	Liver,Kidney	ENSMUSG00000035769	Xylb	Xylb
ENSRNOG00000014230	Brain	ENSMUSG00000027254	Map1a	Map1a
ENSRNOG00000014264	Brain	ENSMUSG00000054728	Phactr1	Phactr1
ENSRNOG00000014302	Brain	ENSMUSG00000042388	Dlgap3	Dlgap3
ENSRNOG00000014303	Brain	ENSMUSG00000019796	Lrp11	Lrp11
ENSRNOG00000014312	Ileum	ENSMUSG00000076490	Trbc1	AC109737.1
ENSRNOG00000014312	Ileum	ENSMUSG00000076498	Trbc2	AC109737.1
ENSRNOG00000014314	Ileum,Duodenum,Jejunum	ENSMUSG00000063354	Slc39a4	Slc39a4
ENSRNOG00000014327	Esophagus,Heart	ENSMUSG00000030470	Csrp3	Csrp3
ENSRNOG00000014339	Duodenum,Jejunum,Stomach	ENSMUSG00000031635	Anxa10	Anxa10
ENSRNOG00000014365	Colon	ENSMUSG00000028479	Gne	Gne
ENSRNOG00000014375	Brain	ENSMUSG00000028782	Adgrb2	Adgrb2
ENSRNOG00000014376	Liver	NA	NA	Proc
ENSRNOG00000014490	Kidney	ENSMUSG00000028167	Bdh2	Bdh2
ENSRNOG00000014492	Stomach	ENSMUSG00000023987	Pgc	Pgc
ENSRNOG00000014503	Brain	ENSMUSG00000024268	Celf4	Celf4
ENSRNOG00000014508	Kidney	ENSMUSG00000033174	Mgll	Mgll
ENSRNOG00000014578	Colon	ENSMUSG00000004988	Fxyd4	Fxyd4
ENSRNOG00000014613	Kidney	ENSMUSG00000028194	Ddah1	Ddah1
ENSRNOG00000014644	Brain	ENSMUSG00000032368	Zic1	Zic1
ENSRNOG00000014645	Liver,Kidney	ENSMUSG00000053644	Aldh7a1	Aldh7a1
ENSRNOG00000014700	Liver,Kidney	NA	NA	NA
ENSRNOG00000014743	Liver,Kidney	ENSMUSG00000024158	Hagh	Hagh
ENSRNOG00000014791	Brain	ENSMUSG00000002265	Peg3	Peg3
ENSRNOG00000014815	Esophagus,Heart	ENSMUSG00000028116	Myoz2	Myoz2
ENSRNOG00000014851	Kidney	ENSMUSG00000067158	Col4a4	Col4a4
ENSRNOG00000014861	Kidney	NA	NA	NA
ENSRNOG00000014900	Liver	ENSMUSG00000063889	Crem	Crem
ENSRNOG00000014907	Liver,Kidney	ENSMUSG00000037542	Aldh8a1	Aldh8a1
ENSRNOG00000014948	Kidney,Liver	ENSMUSG00000074063	Osgin1	Osgin1
ENSRNOG00000014964	Liver	ENSMUSG00000031722	Hp	Hp
ENSRNOG00000015051	Brain	ENSMUSG00000042532	Golga7b	Golga7b
ENSRNOG00000015055	Brain	ENSMUSG00000050711	Scg2	Scg2
ENSRNOG00000015061	Liver	ENSMUSG00000046070	Igfals	Igfals
ENSRNOG00000015139	Liver	ENSMUSG00000021492	F12	F12
ENSRNOG00000015155	Esophagus,Quadriceps	ENSMUSG00000017300	Tnnc2	Tnnc2
ENSRNOG00000015157	Quadriceps,Esophagus	ENSMUSG00000045667	Smtnl2	Smtnl2
ENSRNOG00000015257	Brain	ENSMUSG00000041729	Coro2b	Coro2b
ENSRNOG00000015262	Kidney	ENSMUSG00000021490	Slc34a1	Slc34a1
ENSRNOG00000015354	Liver	ENSMUSG00000063558	Aox1	Aox1
ENSRNOG00000015393	Brain	ENSMUSG00000037771	Slc32a1	Slc32a1
ENSRNOG00000015406	Colon	ENSMUSG00000041731	Pgm5	Pgm5
ENSRNOG00000015408	Ileum,Duodenum,Jejunum	ENSMUSG00000026175	Vil1	Vil1
ENSRNOG00000015420	Brain	ENSMUSG00000026797	Stxbp1	Stxbp1
ENSRNOG00000015438	Kidney,Liver	ENSMUSG00000056973	Ces1d	Cesl1
ENSRNOG00000015460	Duodenum,Jejunum	ENSMUSG00000026149	Tm4sf20	Tm4sf20
ENSRNOG00000015472	Kidney	ENSMUSG00000046082	Tmem174	Tmem174
ENSRNOG00000015491	Liver	ENSMUSG00000024785	Rcl1	
ENSRNOG00000015514	Brain	ENSMUSG00000030268	Bcat1	Bcat1
ENSRNOG00000015518	Liver	ENSMUSG00000024990	Rbp4	Rbp4
ENSRNOG00000015519	Liver	ENSMUSG00000056973	Ces1d	Ces1d
ENSRNOG00000015526	Kidney	ENSMUSG00000030549	Rhcg	Rhcg
ENSRNOG00000015528	Brain	ENSMUSG00000024083	Pja2	Pja2
ENSRNOG00000015541	Heart	ENSMUSG00000023439	Gnb3	Gnb3
ENSRNOG00000015550	Kidney,Brain	ENSMUSG00000015090	Ptgds	Ptgds
ENSRNOG00000015557	Kidney	ENSMUSG00000030963	Umod	Umod
ENSRNOG00000015654	Liver	ENSMUSG00000055737	Ghr	Ghr
ENSRNOG00000015668	Ileum	ENSMUSG00000071005	Ccl19	Ccl19
ENSRNOG00000015674	Ileum	ENSMUSG00000001588	Acap1	Acap1
ENSRNOG00000015716	Pancreas	ENSMUSG00000030954	Gp2	Gp2
ENSRNOG00000015763	Kidney	NA	NA	NA
ENSRNOG00000015780	Brain	ENSMUSG00000032320	Rcn2	Rcn2
ENSRNOG00000015807	Kidney	ENSMUSG00000060224	Pyroxd2	Pyroxd2
ENSRNOG00000015857	Kidney	ENSMUSG00000017760	Ctsa	Ctsa
ENSRNOG00000015880	Duodenum,Jejunum,Ileum	ENSMUSG00000019278	Dpep1	Dpep1
ENSRNOG00000015945	Ileum	ENSMUSG00000002033	Cd3g	Cd3g
ENSRNOG00000015987	Brain	ENSMUSG00000028149	Rap1gds1	Rap1gds1
ENSRNOG00000016013	Brain	ENSMUSG00000008734	Gprc5b	Gprc5b
ENSRNOG00000016043	Brain	ENSMUSG00000024411	Aqp4	Aqp4
ENSRNOG00000016069	Ileum	ENSMUSG00000032093	Cd3e	Cd3e
ENSRNOG00000016097	Kidney	ENSMUSG00000039648	Kyat1	Kyat1
ENSRNOG00000016143	Brain	ENSMUSG00000023191	P3h3	P3h3
ENSRNOG00000016151	Esophagus,Quadriceps	ENSMUSG00000067653	Ankrd23	Ankrd23
ENSRNOG00000016151	Esophagus,Quadriceps	ENSMUSG00000109510	Gm42417	Ankrd23
ENSRNOG00000016156	Brain	ENSMUSG00000022421	Nptxr	Nptxr
ENSRNOG00000016163	Brain	ENSMUSG00000005360	Slc1a3	Slc1a3
ENSRNOG00000016173	Liver	ENSMUSG00000032310	Cyp1a2	Cyp1a2
ENSRNOG00000016196	Brain	ENSMUSG00000003279	Dlgap1	Dlgap1
ENSRNOG00000016214	Quadriceps	ENSMUSG00000033400	Agl	Agl
ENSRNOG00000016221	Brain	NA	NA	NA
ENSRNOG00000016243	Esophagus,Heart	ENSMUSG00000027861	Casq2	Casq2
ENSRNOG00000016253	Kidney	ENSMUSG00000021612	Slc6a18	Slc6a18
ENSRNOG00000016255	Brain	ENSMUSG00000033152	Podxl2	Podxl2
ENSRNOG00000016275	Brain,Liver	ENSMUSG00000061808	Ttr	Ttr
ENSRNOG00000016288	Brain	ENSMUSG00000059540	Tcea2	Tcea2
ENSRNOG00000016322	Brain	NA	NA	NA
ENSRNOG00000016325	Liver	ENSMUSG00000027249	F2	F2
ENSRNOG00000016326	Brain	ENSMUSG00000031778	Cx3cl1	Cx3cl1
ENSRNOG00000016339	Liver	ENSMUSG00000028186	Uox	Uox
ENSRNOG00000016348	Liver	ENSMUSG00000001670	Tat	Tat
ENSRNOG00000016358	Brain	ENSMUSG00000030519	Apba2	Apba2
ENSRNOG00000016368	Heart	ENSMUSG00000040653	Ppp1r14c	Ppp1r14c
ENSRNOG00000016385	Brain	ENSMUSG00000029054	Gabrd	Gabrd
ENSRNOG00000016398	Brain	ENSMUSG00000039953	Clstn1	Clstn1
ENSRNOG00000016414	Brain	ENSMUSG00000022199	Slc22a17	Slc22a17
ENSRNOG00000016469	Kidney	NA	NA	Fxyd2
ENSRNOG00000016516	Brain	ENSMUSG00000041607	Mbp	Mbp
ENSRNOG00000016541	Brain	ENSMUSG00000041773	Enc1	Enc1
ENSRNOG00000016595	Liver	ENSMUSG00000024986	Hhex	Hhex
ENSRNOG00000016603	Quadriceps	ENSMUSG00000030401	Rtn2	Rtn2
ENSRNOG00000016618	Esophagus,Quadriceps	ENSMUSG00000023153	Tmem52	Tmem52
ENSRNOG00000016625	Kidney	ENSMUSG00000040966	Slc22a2	Slc22a2
ENSRNOG00000016640	Brain	ENSMUSG00000036766	Dner	Dner
ENSRNOG00000016648	Liver	ENSMUSG00000034450	Gulo	Gulo
ENSRNOG00000016653	Brain	ENSMUSG00000026259	Ngef	Ngef
ENSRNOG00000016659	Liver	ENSMUSG00000025075	Habp2	Habp2
ENSRNOG00000016794	Liver,Kidney	ENSMUSG00000079484	Phyhd1	Phyhd1
ENSRNOG00000016810	Brain	ENSMUSG00000028832	Stmn1	Stmn1
ENSRNOG00000016827	Liver	ENSMUSG00000010064	Slc38a3	Slc38a3
ENSRNOG00000016828	Brain	ENSMUSG00000040759	Cmtm5	Cmtm5
ENSRNOG00000016833	Esophagus	ENSMUSG00000056999	Ide	Ide
ENSRNOG00000016838	Heart	ENSMUSG00000041193	Pla2g5	Pla2g5
ENSRNOG00000016853	Esophagus	ENSMUSG00000034774	Dsg1c	Dsg1
ENSRNOG00000016853	Esophagus	ENSMUSG00000069441	Dsg1a	Dsg1
ENSRNOG00000016853	Esophagus	ENSMUSG00000061928	Dsg1b	Dsg1
ENSRNOG00000016863	Brain	ENSMUSG00000070802	Pnmal2	Pnma8b
ENSRNOG00000016866	Heart	ENSMUSG00000008136	Fhl2	Fhl2
ENSRNOG00000016890	Esophagus	ENSMUSG00000014846	Tppp3	Tppp3
ENSRNOG00000016980	Liver,Kidney	ENSMUSG00000030674	Qprt	Qprt
ENSRNOG00000016983	Heart	ENSMUSG00000053093	Myh7	Myh7
ENSRNOG00000017052	Brain	ENSMUSG00000030329	Pianp	Pianp
ENSRNOG00000017060	Heart	ENSMUSG00000021313	Ryr2	Ryr2
ENSRNOG00000017063	Ileum	ENSMUSG00000026938	Fcna	Fcna
ENSRNOG00000017072	Kidney	ENSMUSG00000026220	Slc16a14	Slc16a14
ENSRNOG00000017079	Brain	ENSMUSG00000030729	Pgm2l1	Pgm2l1
ENSRNOG00000017084	Colon,Kidney	ENSMUSG00000031891	Hsd11b2	Hsd11b2
ENSRNOG00000017108	Brain	ENSMUSG00000022415	Syngr1	Syngr1
ENSRNOG00000017133	Kidney	ENSMUSG00000025871	4833439L19Rik	4833439L19Rik
ENSRNOG00000017149	Brain	ENSMUSG00000029861	Fam131b	Fam131b
ENSRNOG00000017159	Esophagus	ENSMUSG00000059898	Dsc3	Dsc3
ENSRNOG00000017188	Liver	ENSMUSG00000026170	Cyp27a1	Cyp27a1
ENSRNOG00000017193	Brain	ENSMUSG00000049556	Lingo1	Lingo1
ENSRNOG00000017209	Brain	ENSMUSG00000062380	Tubb3	Tubb3
ENSRNOG00000017223	Liver	ENSMUSG00000059481	Plg	Plg
ENSRNOG00000017227	Brain	ENSMUSG00000030718	Ppme1	Ppme1
ENSRNOG00000017291	Liver,Kidney	ENSMUSG00000027227	Sord	Sord
ENSRNOG00000017295	Brain	ENSMUSG00000026860	Sh3glb2	Sh3glb2
ENSRNOG00000017328	Kidney	ENSMUSG00000026730	Pter	Pter
ENSRNOG00000017333	Brain	ENSMUSG00000024261	Syt4	Syt4
ENSRNOG00000017359	Brain	ENSMUSG00000026223	Itm2c	Itm2c
ENSRNOG00000017381	Liver	ENSMUSG00000021922	Itih4	Itih4
ENSRNOG00000017416	Kidney	ENSMUSG00000024538	Ppic	Ppic
ENSRNOG00000017428	Brain	ENSMUSG00000052727	Map1b	Map1b
ENSRNOG00000017429	Ileum	ENSMUSG00000030742	Lat	Lat
ENSRNOG00000017431	Brain	ENSMUSG00000031824	6430548M08Rik	RGD1304884
ENSRNOG00000017444	Brain	ENSMUSG00000048978	Nrsn1	Nrsn1
ENSRNOG00000017496	Brain	ENSMUSG00000006782	Cnp	Cnp
ENSRNOG00000017546	Heart	ENSMUSG00000031698	Mylk3	Mylk3
ENSRNOG00000017558	Brain	ENSMUSG00000058672	Tubb2a	Tubb2a
ENSRNOG00000017568	Brain	ENSMUSG00000057455	Rit2	Rit2
ENSRNOG00000017597	Liver,Kidney	ENSMUSG00000069805	Fbp1	Fbp1
ENSRNOG00000017601	Liver	ENSMUSG00000021594	Srd5a1	Srd5a1
ENSRNOG00000017606	Pancreas	ENSMUSG00000020787	P2rx1	P2rx1
ENSRNOG00000017645	Esophagus,Quadriceps	ENSMUSG00000030672	Mylpf	Mylpf
ENSRNOG00000017673	Brain	ENSMUSG00000035390	Brsk1	Brsk1
ENSRNOG00000017689	Brain,Liver	ENSMUSG00000006522	Itih3	Itih3
ENSRNOG00000017707	Brain	ENSMUSG00000026782	Abi2	Abi2
ENSRNOG00000017710	Stomach,Esophagus	NA	NA	
ENSRNOG00000017720	Ileum,Duodenum,Jejunum	ENSMUSG00000001156	Mxd1	Mxd1
ENSRNOG00000017725	Pancreas	ENSMUSG00000046008	Pnlip	Pnlip
ENSRNOG00000017741	Ileum,Duodenum,Jejunum	ENSMUSG00000025817	Nudt5	Nudt5
ENSRNOG00000017766	Kidney	ENSMUSG00000032373	Car12	Ca12
ENSRNOG00000017775	Ileum,Duodenum,Jejunum	ENSMUSG00000011034	Slc5a1	Slc5a1
ENSRNOG00000017780	Kidney	ENSMUSG00000028743	Akr7a5	Akr7a2
ENSRNOG00000017786	Esophagus,Quadriceps	ENSMUSG00000031972	Acta1	Acta1
ENSRNOG00000017821	Liver,Kidney	ENSMUSG00000089678	Agxt2	Agxt2
ENSRNOG00000017874	Ileum	ENSMUSG00000040747	Cd53	Cd53
ENSRNOG00000017901	Kidney	ENSMUSG00000024866	Acy3	Acy3
ENSRNOG00000017908	Pancreas	ENSMUSG00000042179	Pnliprp1	Pnliprp1
ENSRNOG00000017917	Ileum,Duodenum,Jejunum	ENSMUSG00000034918	Cdhr2	Cdhr2
ENSRNOG00000017939	Brain	ENSMUSG00000056486	Chn1	Chn1
ENSRNOG00000017941	Ileum,Duodenum,Jejunum	ENSMUSG00000026672	Optn	Optn
ENSRNOG00000017955	Heart	ENSMUSG00000110949	Nudt8	Nudt8
ENSRNOG00000017955	Heart	ENSMUSG00000024869	Gm49405	Nudt8
ENSRNOG00000017964	Kidney	NA	NA	Slc22a25
ENSRNOG00000017982	Pancreas	ENSMUSG00000025091	Pnliprp2	Pnliprp2
ENSRNOG00000018020	Brain	ENSMUSG00000037032	Apbb1	Apbb1
ENSRNOG00000018033	Kidney	ENSMUSG00000015023	Ddx19a	Ddx19a
ENSRNOG00000018039	Brain	ENSMUSG00000034891	Sncb	Sncb
ENSRNOG00000018086	Liver,Kidney	ENSMUSG00000063796	Slc22a8	Slc22a8
ENSRNOG00000018111	Brain	ENSMUSG00000017740	Slc12a5	Slc12a5
ENSRNOG00000018131	Kidney	ENSMUSG00000027896	Slc16a4	Slc16a4
ENSRNOG00000018166	Quadriceps	ENSMUSG00000038205	Prkab2	Prkab2
ENSRNOG00000018186	Kidney	ENSMUSG00000087260	Lamtor5	Lamtor5
ENSRNOG00000018200	Brain	ENSMUSG00000026787	Gad2	Gad2
ENSRNOG00000018215	Kidney	ENSMUSG00000024650	Slc22a6	Slc22a6
ENSRNOG00000018217	Brain	ENSMUSG00000004961	Syt5	Syt5
ENSRNOG00000018236	Stomach	ENSMUSG00000046213	Cym	Cym
ENSRNOG00000018250	Heart	ENSMUSG00000035458	Tnni3	Tnni3
ENSRNOG00000018257	Liver	ENSMUSG00000030895	Hpx	Hpx
ENSRNOG00000018287	Liver	ENSMUSG00000058216	Gstp3	RGD1307603
ENSRNOG00000018317	Brain	ENSMUSG00000057230	Aak1	Aak1
ENSRNOG00000018337	Brain	ENSMUSG00000025468	Caly	Caly
ENSRNOG00000018390	Brain	ENSMUSG00000003363	Pld3	Pld3
ENSRNOG00000018399	Brain	ENSMUSG00000022212	Cpne6	Cpne6
ENSRNOG00000018402	Liver	ENSMUSG00000002992	Apoc2	Apoc2
ENSRNOG00000018402	Liver	ENSMUSG00000109350	Gm44805	Apoc2
ENSRNOG00000018405	Liver	ENSMUSG00000074336	Apoc4	Apoc4
ENSRNOG00000018426	Liver	NA	NA	NEWGENE_2134
ENSRNOG00000018436	Liver	ENSMUSG00000032079	Apoa5	Apoa5
ENSRNOG00000018441	Brain	ENSMUSG00000027603	Ggt7	Ggt7
ENSRNOG00000018445	Brain,Liver	ENSMUSG00000031980	Agt	Agt
ENSRNOG00000018446	Ileum,Duodenum,Jejunum	ENSMUSG00000025467	Prap1	Prap1
ENSRNOG00000018462	Esophagus,Quadriceps	ENSMUSG00000030727	Rabep2	Rabep2
ENSRNOG00000018485	Stomach	ENSMUSG00000041762	Gpr155	Gpr155
ENSRNOG00000018494	Quadriceps	ENSMUSG00000067279	Ppp1r3c	Ppp1r3c
ENSRNOG00000018505	Heart	ENSMUSG00000024526	Cidea	Cidea
ENSRNOG00000018526	Brain	ENSMUSG00000020886	Dlg4	Dlg4
ENSRNOG00000018543	Stomach	ENSMUSG00000031449	Atp4b	Atp4b
ENSRNOG00000018586	Brain	ENSMUSG00000049339	Retreg2	Retreg2
ENSRNOG00000018598	Heart	ENSMUSG00000024803	Ankrd1	Ankrd1
ENSRNOG00000018627	Brain	ENSMUSG00000030701	Plekhb1	Plekhb1
ENSRNOG00000018656	Esophagus,Quadriceps	ENSMUSG00000070385	Ampd1	Ampd1
ENSRNOG00000018662	Kidney,Liver	ENSMUSG00000022244	Amacr	Amacr
ENSRNOG00000018679	Stomach,Esophagus	ENSMUSG00000041984	Rptn	Rptn
ENSRNOG00000018693	Liver	ENSMUSG00000020884	Asgr1	Asgr1
ENSRNOG00000018700	Brain	ENSMUSG00000032517	Mobp	Mobp
ENSRNOG00000018712	Brain	ENSMUSG00000024617	Camk2a	Camk2a
ENSRNOG00000018784	Brain	ENSMUSG00000025318	Jph3	Jph3
ENSRNOG00000018798	Brain	ENSMUSG00000004892	Bcan	Bcan
ENSRNOG00000018822	Stomach	ENSMUSG00000000792	Slc5a5	Slc5a5
ENSRNOG00000018839	Brain	ENSMUSG00000055254	Ntrk2	Ntrk2
ENSRNOG00000018850	Brain	ENSMUSG00000007944	Ttc9b	Ttc9b
ENSRNOG00000018899	Liver	ENSMUSG00000026874	Hc	C5
ENSRNOG00000018943	Heart	ENSMUSG00000091898	Tnnc1	Tnnc1
ENSRNOG00000018952	Kidney	ENSMUSG00000021904	Sema3g	Sema3g
ENSRNOG00000018958	Brain	NA	NA	Mt3
ENSRNOG00000019004	Stomach,Esophagus	ENSMUSG00000031757	Mt4	Mt4
ENSRNOG00000019046	Ileum,Duodenum,Jejunum	ENSMUSG00000027876	Reg4	Reg4
ENSRNOG00000019068	Pancreas	ENSMUSG00000031957	Ctrb1	Ctrb1
ENSRNOG00000019096	Stomach	ENSMUSG00000033122	Hsd17b3	Hsd17b3
ENSRNOG00000019118	Kidney	ENSMUSG00000018459	Slc13a3	Slc13a3
ENSRNOG00000019120	Colon,Liver	ENSMUSG00000027875	Hmgcs2	Hmgcs2
ENSRNOG00000019193	Brain	ENSMUSG00000030806	Stx1b	Stx1b
ENSRNOG00000019207	Brain	ENSMUSG00000038738	Shank1	Shank1
ENSRNOG00000019219	Brain	ENSMUSG00000030337	Vamp1	Vamp1
ENSRNOG00000019249	Brain	NA	NA	Ap3b2
ENSRNOG00000019321	Brain	ENSMUSG00000032532	Cck	Cck
ENSRNOG00000019342	Liver	ENSMUSG00000030711	Sult1a1	Sult1a1
ENSRNOG00000019353	Pancreas	ENSMUSG00000031897	Psmb10	Psmb10
ENSRNOG00000019372	Kidney,Liver	ENSMUSG00000024892	Pcx	Pc
ENSRNOG00000019424	Kidney,Liver	ENSMUSG00000038704	Aspdh	Aspdh
ENSRNOG00000019430	Ileum	ENSMUSG00000030707	Coro1a	Coro1a
ENSRNOG00000019432	Esophagus	ENSMUSG00000030484	Lypd5	Lypd5
ENSRNOG00000019433	Brain	ENSMUSG00000031840	Rab3a	Rab3a
ENSRNOG00000019435	Brain	ENSMUSG00000037126	Psd	Psd
ENSRNOG00000019451	Colon	ENSMUSG00000020439	Smtn	Smtn
ENSRNOG00000019470	Liver,Kidney	ENSMUSG00000027870	Hao2	Hao2
ENSRNOG00000019481	Liver	ENSMUSG00000050445	Cyp8b1	Cyp8b1
ENSRNOG00000019482	Brain	ENSMUSG00000031748	Gnao1	Gnao1
ENSRNOG00000019510	Duodenum,Jejunum	ENSMUSG00000018919	Tm4sf5	Tm4sf5
ENSRNOG00000019550	Duodenum,Jejunum	ENSMUSG00000023030	Slc11a2	Slc11a2
ENSRNOG00000019570	Brain	ENSMUSG00000071658	Gng3	Gng3
ENSRNOG00000019573	Liver	ENSMUSG00000035237	Lcat	Lcat
ENSRNOG00000019587	Brain	ENSMUSG00000026204	Ptprn	Ptprn
ENSRNOG00000019626	Liver	ENSMUSG00000030382	Slc27a5	Slc27a5
ENSRNOG00000019627	Esophagus,Quadriceps	ENSMUSG00000038670	Mybpc2	Mybpc2
ENSRNOG00000019639	Kidney	ENSMUSG00000056204	Pgpep1	Pgpep1
ENSRNOG00000019657	Kidney	NA	NA	
ENSRNOG00000019659	Kidney	ENSMUSG00000020774	Aspa	Aspa
ENSRNOG00000019680	Liver	ENSMUSG00000032591	Mst1	Mst1
ENSRNOG00000019700	Liver	ENSMUSG00000031445	Proz	Proz
ENSRNOG00000019745	Esophagus,Quadriceps	ENSMUSG00000006457	Actn3	Actn3
ENSRNOG00000019768	Duodenum,Jejunum	ENSMUSG00000056234	Ncoa4	Ncoa4
ENSRNOG00000019780	Esophagus,Quadriceps	ENSMUSG00000027887	Sypl2	Sypl2
ENSRNOG00000019854	Kidney	ENSMUSG00000002204	Napsa	Napsa
ENSRNOG00000019857	Brain	NA	NA	
ENSRNOG00000019862	Esophagus	ENSMUSG00000011632	Pinlyp	Pinlyp
ENSRNOG00000019879	Pancreas	ENSMUSG00000084174	Sycn	Sycn
ENSRNOG00000019902	Kidney	ENSMUSG00000001827	Folr1	Folr1
ENSRNOG00000019924	Esophagus	ENSMUSG00000004929	Thop1	Thop1
ENSRNOG00000019959	Brain	ENSMUSG00000062785	Kcnc3	Kcnc3
ENSRNOG00000019965	Colon	ENSMUSG00000030782	Tgfb1i1	Tgfb1i1
ENSRNOG00000019999	Esophagus	ENSMUSG00000057454	Lypd3	Lypd3
ENSRNOG00000020039	Kidney	ENSMUSG00000030781	Slc5a2	Slc5a2
ENSRNOG00000020060	Liver	ENSMUSG00000038539	Atf5	Atf5
ENSRNOG00000020136	Esophagus	ENSMUSG00000022218	Tgm1	Tgm1
ENSRNOG00000020196	Colon	ENSMUSG00000024653	Scgb1a1	Scgb1a1
ENSRNOG00000020202	Brain,Kidney	ENSMUSG00000024654	Asrgl1	Asrgl1
ENSRNOG00000020247	Brain	ENSMUSG00000024873	Cnih2	Cnih2
ENSRNOG00000020248	Brain	ENSMUSG00000034336	Ina	Ina
ENSRNOG00000020251	Esophagus,Quadriceps	ENSMUSG00000030996	Art1	Art1
ENSRNOG00000020263	Brain	ENSMUSG00000040907	Atp1a3	Atp1a3
ENSRNOG00000020276	Esophagus,Quadriceps	ENSMUSG00000031097	Tnni2	Tnni2
ENSRNOG00000020277	Brain	ENSMUSG00000017167	Cntnap1	Cntnap1
ENSRNOG00000020279	Brain	ENSMUSG00000068923	Syt11	Syt11
ENSRNOG00000020299	Brain	ENSMUSG00000024862	Klc2	Klc2
ENSRNOG00000020332	Esophagus,Quadriceps	ENSMUSG00000061723	Tnnt3	Tnnt3
ENSRNOG00000020380	Stomach,Esophagus	ENSMUSG00000053522	Lgals7	Lgals7
ENSRNOG00000020405	Pancreas	ENSMUSG00000000215	Ins2	Ins2
ENSRNOG00000020406	Stomach,Pancreas	ENSMUSG00000031919	Tmed6	Tmed6
ENSRNOG00000020407	Brain	ENSMUSG00000034958	Atcay	Atcay
ENSRNOG00000020431	Brain	ENSMUSG00000004933	Matk	Matk
ENSRNOG00000020440	Liver	ENSMUSG00000024665	Fads2	Fads2
ENSRNOG00000020530	Stomach,Esophagus	ENSMUSG00000063651	Cnfn	Cnfn
ENSRNOG00000020554	Colon	ENSMUSG00000027953	Slc50a1	Slc50a1
ENSRNOG00000020557	Esophagus,Quadriceps	ENSMUSG00000030592	Ryr1	Ryr1
ENSRNOG00000020577	Brain	ENSMUSG00000034902	Pip5k1c	Pip5k1c
ENSRNOG00000020644	Brain	ENSMUSG00000020297	Nsg2	Nsg2
ENSRNOG00000020650	Brain	ENSMUSG00000070570	Slc17a7	Slc17a7
ENSRNOG00000020685	Colon	ENSMUSG00000022229	Atp12a	Atp12a
ENSRNOG00000020694	Brain	ENSMUSG00000032174	Icam5	Icam5
ENSRNOG00000020698	Brain	ENSMUSG00000001313	Rnd2	Rnd2
ENSRNOG00000020699	Ileum	ENSMUSG00000030798	Cd37	Cd37
ENSRNOG00000020746	Brain	ENSMUSG00000003872	Lin7b	Lin7b
ENSRNOG00000020747	Heart	ENSMUSG00000015579	Nkx2-5	Nkx2-5
ENSRNOG00000020817	Liver	ENSMUSG00000091867	Cyp2a22	Cyp2a1
ENSRNOG00000020817	Liver	ENSMUSG00000060407	Cyp2a12	Cyp2a1
ENSRNOG00000020833	Brain	ENSMUSG00000032482	Cspg5	Cspg5
ENSRNOG00000020851	Brain	ENSMUSG00000006651	Aplp1	Aplp1
ENSRNOG00000020932	Ileum,Duodenum,Jejunum	ENSMUSG00000024731	Ms4a10	Ms4a10
ENSRNOG00000020948	Kidney	ENSMUSG00000032492	Pth1r	Pth1r
ENSRNOG00000020949	Esophagus	ENSMUSG00000030825	Hsd17b14	Hsd17b14
ENSRNOG00000020955	Esophagus,Heart	ENSMUSG00000059741	Myl3	Myl3
ENSRNOG00000020970	Brain	ENSMUSG00000006575	Rundc3a	Rundc3a
ENSRNOG00000020985	Stomach	ENSMUSG00000005553	Atp4a	Atp4a
ENSRNOG00000020998	Kidney	ENSMUSG00000041857	Oosp1	AABR07006283.1
ENSRNOG00000021000	Duodenum,Jejunum,Ileum	ENSMUSG00000054999	Naaladl1	Naaladl1
ENSRNOG00000021001	Stomach	ENSMUSG00000024682	Cblif	Cblif
ENSRNOG00000021015	Stomach,Esophagus	ENSMUSG00000046056	Sbsn	Sbsn
ENSRNOG00000021017	Brain	ENSMUSG00000003273	Car11	Ca11
ENSRNOG00000021023	Brain	ENSMUSG00000036634	Mag	Mag
ENSRNOG00000021029	Liver	ENSMUSG00000050440	Hamp	Hamp
ENSRNOG00000021067	Brain	NA	NA	Fxyd7
ENSRNOG00000021088	Esophagus,Quadriceps	ENSMUSG00000005628	Tmod4	Tmod4
ENSRNOG00000021095	Stomach	NA	NA	NA
ENSRNOG00000021097	Kidney,Liver	ENSMUSG00000001249	Hpn	Hpn
ENSRNOG00000021103	Brain	ENSMUSG00000033768	Nrxn2	Nrxn2
ENSRNOG00000021108	Kidney	ENSMUSG00000061742	Slc22a12	Slc22a12
ENSRNOG00000021110	Brain	NA	NA	
ENSRNOG00000021134	Esophagus	ENSMUSG00000015702	Anxa9	Anxa9
ENSRNOG00000021166	Esophagus	ENSMUSG00000028108	Ecm1	Ecm1
ENSRNOG00000021182	Brain	ENSMUSG00000038486	Sv2a	Sv2a
ENSRNOG00000021202	Brain	ENSMUSG00000024758	Rtn3	Rtn3
ENSRNOG00000021259	Brain	ENSMUSG00000079037	Prnp	Prnp
ENSRNOG00000021269	Brain	ENSMUSG00000027350	Chgb	Chgb
ENSRNOG00000021345	Liver	ENSMUSG00000040413	Timd2	Timd2
ENSRNOG00000021405	Liver	ENSMUSG00000003053	Cyp2c29	Cyp2c7
ENSRNOG00000021405	Liver	ENSMUSG00000032808	Cyp2c38	Cyp2c7
ENSRNOG00000021405	Liver	ENSMUSG00000025003	Cyp2c39	Cyp2c7
ENSRNOG00000021410	Brain	ENSMUSG00000040037	Negr1	Negr1
ENSRNOG00000021472	Brain	ENSMUSG00000026830	Ermn	Ermn
ENSRNOG00000021575	Liver	NA	NA	Cfhr2
ENSRNOG00000021619	Stomach,Pancreas	ENSMUSG00000078520	Cela3a	Cela3b
ENSRNOG00000021619	Stomach,Pancreas	ENSMUSG00000023433	Cela3b	Cela3b
ENSRNOG00000021663	Brain	ENSMUSG00000067879	Vxn	Vxn
ENSRNOG00000021685	Brain	NA	NA	NA
ENSRNOG00000021724	Ileum	ENSMUSG00000045826	Ptprcap	Ptprcap
ENSRNOG00000021763	Colon	ENSMUSG00000054200	Ffar4	Ffar4
ENSRNOG00000021771	Esophagus	ENSMUSG00000032013	Trim29	Trim29
ENSRNOG00000021789	Quadriceps,Esophagus	NA	NA	NA
ENSRNOG00000021916	Kidney	ENSMUSG00000009378	Slc16a12	Slc16a12
ENSRNOG00000021924	Liver	ENSMUSG00000060613	Cyp2c70	Cyp2c22
ENSRNOG00000022101	Esophagus	ENSMUSG00000004885	Crabp2	Crabp2
ENSRNOG00000022210	Esophagus	ENSMUSG00000032807	Alox12b	Alox12b
ENSRNOG00000022248	Brain	ENSMUSG00000025738	Fbxl16	Fbxl16
ENSRNOG00000022313	Esophagus	ENSMUSG00000047884	Klk9	Klk9
ENSRNOG00000022353	Esophagus	ENSMUSG00000054046	Klk13	Klk13
ENSRNOG00000022386	Brain	ENSMUSG00000050121	Opalin	Opalin
ENSRNOG00000022411	Ileum,Duodenum,Jejunum	ENSMUSG00000025528	2010106E10Rik	RGD1561958
ENSRNOG00000022432	Brain	ENSMUSG00000035964	Tmem59l	Tmem59l
ENSRNOG00000022480	Kidney	ENSMUSG00000026394	Atp6v1g3	Atp6v1g3
ENSRNOG00000022657	Pancreas	NA	NA	NA
ENSRNOG00000022701	Ileum,Duodenum,Jejunum	ENSMUSG00000030472	Ceacam18	Ceacam18
ENSRNOG00000023090	Duodenum,Jejunum	NA	NA	AC107446.1
ENSRNOG00000023411	Esophagus	ENSMUSG00000070604	Vsig10l	Vsig10l
ENSRNOG00000023546	Esophagus	ENSMUSG00000004951	Hspb1	Hspb1
ENSRNOG00000023587	Kidney,Liver	ENSMUSG00000025815	Dhtkd1	Dhtkd1
ENSRNOG00000023588	Kidney,Liver	ENSMUSG00000042102	Dmgdh	Dmgdh
ENSRNOG00000023720	Brain	NA	NA	NA
ENSRNOG00000023861	Brain	ENSMUSG00000033419	Snap91	Snap91
ENSRNOG00000023892	Esophagus	ENSMUSG00000057609	Lce1a1	Lce1f
ENSRNOG00000023892	Esophagus	ENSMUSG00000027923	Lce1b	Lce1f
ENSRNOG00000023935	Brain	ENSMUSG00000059361	Nrsn2	Nrsn2
ENSRNOG00000023953	Esophagus	NA	NA	NA
ENSRNOG00000023993	Brain	ENSMUSG00000014602	Kif1a	Kif1a
ENSRNOG00000024016	Liver	ENSMUSG00000003053	Cyp2c29	Cyp2c6v1
ENSRNOG00000024016	Liver	ENSMUSG00000032808	Cyp2c38	Cyp2c6v1
ENSRNOG00000024016	Liver	ENSMUSG00000025003	Cyp2c39	Cyp2c6v1
ENSRNOG00000024028	Stomach,Esophagus	ENSMUSG00000050359	Sprr1a	Sprr1a
ENSRNOG00000024046	Stomach,Esophagus	ENSMUSG00000045539	Sprr3	Sprr3
ENSRNOG00000024101	Quadriceps	ENSMUSG00000036879	Phkb	Phkb
ENSRNOG00000024237	Esophagus	ENSMUSG00000022123	Scel	Scel
ENSRNOG00000024243	Brain	ENSMUSG00000054793	Cadm4	Cadm4
ENSRNOG00000024346	Colon	ENSMUSG00000032068	Plet1	Plet1
ENSRNOG00000024349	Brain	ENSMUSG00000035640	Cbarp	Cbarp
ENSRNOG00000024384	Liver	ENSMUSG00000023176	Cpn2	Cpn2
ENSRNOG00000024426	Kidney	ENSMUSG00000064036	Mro	AABR07032520.1
ENSRNOG00000024577	Liver	ENSMUSG00000020150	Gamt	Gamt
ENSRNOG00000024630	Ileum,Duodenum,Jejunum	ENSMUSG00000040498	Igsf23	Igsf23
ENSRNOG00000024634	Kidney	NA	NA	
ENSRNOG00000024657	Stomach	ENSMUSG00000059149	Mfsd4a	Mfsd4a
ENSRNOG00000024705	Liver	ENSMUSG00000009281	Rarres2	Rarres2
ENSRNOG00000024755	Esophagus	NA	NA	
ENSRNOG00000024848	Liver	ENSMUSG00000028001	Fga	Fga
ENSRNOG00000024903	Kidney	ENSMUSG00000041052	Slc7a13	Slc7a13
ENSRNOG00000024923	Brain	ENSMUSG00000067786	Nnat	Nnat
ENSRNOG00000024947	Duodenum,Jejunum,Ileum	ENSMUSG00000023057	Fabp2	Fabp2
ENSRNOG00000025031	Esophagus	ENSMUSG00000090356	Teddm3	RGD1560559
ENSRNOG00000025074	Liver	ENSMUSG00000033860	Fgg	Fgg
ENSRNOG00000025235	Brain	ENSMUSG00000043388	Tmem130	Tmem130
ENSRNOG00000025448	Ileum	ENSMUSG00000040699	Limd2	Limd2
ENSRNOG00000025463	Brain	ENSMUSG00000078307	AI593442	AI593442
ENSRNOG00000025519	Colon	ENSMUSG00000029865	Sval1	Sval1
ENSRNOG00000025584	Brain	ENSMUSG00000025422	Agap2	Agap2
ENSRNOG00000025589	Brain	NA	NA	
ENSRNOG00000025648	Kidney,Liver	ENSMUSG00000109482	Gm4756	Dhrs7l1
ENSRNOG00000025757	Heart	ENSMUSG00000040752	Myh6	Myh6
ENSRNOG00000025994	Esophagus	ENSMUSG00000037185	Krt80	Krt80
ENSRNOG00000026037	Ileum	ENSMUSG00000029134	Plb1	Plb1
ENSRNOG00000026133	Esophagus	ENSMUSG00000034634	Ly6d	Ly6d
ENSRNOG00000026136	Kidney	ENSMUSG00000062210	Tnfaip8	Tnfaip8
ENSRNOG00000026295	Pancreas	ENSMUSG00000017007	Rbpjl	Rbpjl
ENSRNOG00000026488	Liver	NA	NA	NA
ENSRNOG00000026787	Brain	ENSMUSG00000040035	Disp2	Disp2
ENSRNOG00000026791	Brain	ENSMUSG00000050751	Pgbd5	Pgbd5
ENSRNOG00000026842	Heart	ENSMUSG00000116207	Nnt	Nnt
ENSRNOG00000026842	Heart	ENSMUSG00000025453	Nnt	Nnt
ENSRNOG00000026870	Stomach	ENSMUSG00000022949	Clic6	Clic6
ENSRNOG00000026919	Duodenum,Jejunum,Ileum	ENSMUSG00000029847	Slc23a4	RGD1565367
ENSRNOG00000027098	Brain	ENSMUSG00000030683	Sez6l2	Sez6l2
ENSRNOG00000027230	Heart	ENSMUSG00000034295	Fhod3	Fhod3
ENSRNOG00000027691	Esophagus	ENSMUSG00000055811	Cldn17	Cldn17
ENSRNOG00000027736	Colon	ENSMUSG00000001349	Cnn1	Cnn1
ENSRNOG00000027767	Pancreas	ENSMUSG00000031170	Slc38a5	Slc38a5
ENSRNOG00000027942	Esophagus	ENSMUSG00000006154	Eps8l1	Eps8l1
ENSRNOG00000028092	Pancreas	ENSMUSG00000071553	Cpa2	Cpa2
ENSRNOG00000028225	Heart	ENSMUSG00000040086	Tnni3k	Tnni3k
ENSRNOG00000028261	Brain	ENSMUSG00000021573	Tppp	Tppp
ENSRNOG00000028319	Kidney	ENSMUSG00000028199	Cryz	Cryz
ENSRNOG00000028368	Liver	ENSMUSG00000070644	Etnk2	Etnk2
ENSRNOG00000028531	Ileum,Duodenum,Jejunum	ENSMUSG00000023235	Ccl25	Ccl25
ENSRNOG00000028548	Liver	ENSMUSG00000019122	Ccl9	Ccl9
ENSRNOG00000028548	Liver	ENSMUSG00000018927	Ccl6	Ccl9
ENSRNOG00000028576	Esophagus	NA	NA	NA
ENSRNOG00000028582	Kidney	NA	NA	
ENSRNOG00000028616	Liver,Kidney	ENSMUSG00000027513	Pck1	Pck1
ENSRNOG00000028648	Brain	ENSMUSG00000046160	Olig1	Olig1
ENSRNOG00000028701	Liver	ENSMUSG00000015083	C8g	C8g
ENSRNOG00000028711	Ileum,Duodenum,Jejunum	ENSMUSG00000022555	Dgat1	Dgat1
ENSRNOG00000028733	Brain	ENSMUSG00000025855	Prkar1b	Prkar1b
ENSRNOG00000028750	Ileum,Duodenum,Jejunum	ENSMUSG00000021216	Tubal3	Tubal3
ENSRNOG00000028781	Liver	ENSMUSG00000030834	Abcc6	Abcc6
ENSRNOG00000028865	Esophagus	ENSMUSG00000059832	Kprp	Kprp
ENSRNOG00000028889	Duodenum,Jejunum,Ileum	ENSMUSG00000053862	Slc51b	Slc51b
ENSRNOG00000028891	Esophagus	ENSMUSG00000078787	Cyp2t4	Cyp2t1
ENSRNOG00000028930	Kidney	ENSMUSG00000022150	Dab2	Dab2
ENSRNOG00000028981	Heart	ENSMUSG00000005474	Myl10	Myl10
ENSRNOG00000028996	Stomach	ENSMUSG00000046834	Krt1	Krt1
ENSRNOG00000029128	Liver	ENSMUSG00000068085	Cyp2d11	Cyp2d5
ENSRNOG00000029128	Liver	ENSMUSG00000094806	Cyp2d10	Cyp2d5
ENSRNOG00000029128	Liver	ENSMUSG00000068086	Cyp2d9	Cyp2d5
ENSRNOG00000029128	Liver	ENSMUSG00000096852	Cyp2d12	Cyp2d5
ENSRNOG00000029128	Liver	ENSMUSG00000094559	Cyp2d34	Cyp2d5
ENSRNOG00000029165	Brain	ENSMUSG00000007207	Stx1a	Stx1a
ENSRNOG00000029179	Liver	ENSMUSG00000068085	Cyp2d11	Cyp2d3
ENSRNOG00000029179	Liver	ENSMUSG00000094806	Cyp2d10	Cyp2d3
ENSRNOG00000029179	Liver	ENSMUSG00000068086	Cyp2d9	Cyp2d3
ENSRNOG00000029179	Liver	ENSMUSG00000096852	Cyp2d12	Cyp2d3
ENSRNOG00000029179	Liver	ENSMUSG00000094559	Cyp2d34	Cyp2d3
ENSRNOG00000029330	Kidney	ENSMUSG00000031373	Car5b	Ca5b
ENSRNOG00000029360	Brain	NA	NA	Serinc1
ENSRNOG00000029366	Brain	ENSMUSG00000045114	Prrt2	Prrt2
ENSRNOG00000029370	Brain	ENSMUSG00000002475	Abhd3	Abhd3
ENSRNOG00000029427	Esophagus	ENSMUSG00000037188	Grhl3	Grhl3
ENSRNOG00000029441	Brain	ENSMUSG00000031605	Klhl2	Klhl2
ENSRNOG00000029450	Brain	ENSMUSG00000034730	Adgrb1	Adgrb1
ENSRNOG00000029462	Duodenum,Jejunum,Ileum	ENSMUSG00000079120	AY761185	Defal1
ENSRNOG00000029462	Duodenum,Jejunum,Ileum	ENSMUSG00000074447	Defa21	Defal1
ENSRNOG00000029462	Duodenum,Jejunum,Ileum	ENSMUSG00000074446	Defa23	Defal1
ENSRNOG00000029462	Duodenum,Jejunum,Ileum	ENSMUSG00000061845	Defa35	Defal1
ENSRNOG00000029462	Duodenum,Jejunum,Ileum	ENSMUSG00000094687	Defa25	Defal1
ENSRNOG00000029462	Duodenum,Jejunum,Ileum	ENSMUSG00000061958	Defa38	Defal1
ENSRNOG00000029462	Duodenum,Jejunum,Ileum	ENSMUSG00000074444	Defa30	Defal1
ENSRNOG00000029462	Duodenum,Jejunum,Ileum	ENSMUSG00000074443	Defa22	Defal1
ENSRNOG00000029462	Duodenum,Jejunum,Ileum	ENSMUSG00000074442	Defa31	Defal1
ENSRNOG00000029462	Duodenum,Jejunum,Ileum	ENSMUSG00000079116	Defa41	Defal1
ENSRNOG00000029462	Duodenum,Jejunum,Ileum	ENSMUSG00000074441	Defa40	Defal1
ENSRNOG00000029462	Duodenum,Jejunum,Ileum	ENSMUSG00000074440	Defa3	Defal1
ENSRNOG00000029462	Duodenum,Jejunum,Ileum	ENSMUSG00000074439	Defa5	Defal1
ENSRNOG00000029462	Duodenum,Jejunum,Ileum	ENSMUSG00000082211	Defa27	Defal1
ENSRNOG00000029462	Duodenum,Jejunum,Ileum	ENSMUSG00000074437	Defa29	Defal1
ENSRNOG00000029462	Duodenum,Jejunum,Ileum	ENSMUSG00000096295	Defa2	Defal1
ENSRNOG00000029462	Duodenum,Jejunum,Ileum	ENSMUSG00000094362	Defa33	Defal1
ENSRNOG00000029462	Duodenum,Jejunum,Ileum	ENSMUSG00000094662	Defa36	Defal1
ENSRNOG00000029462	Duodenum,Jejunum,Ileum	ENSMUSG00000079114	Defa42	Defal1
ENSRNOG00000029462	Duodenum,Jejunum,Ileum	ENSMUSG00000095066	Defa20	Defal1
ENSRNOG00000029462	Duodenum,Jejunum,Ileum	ENSMUSG00000094818	Defa32	Defal1
ENSRNOG00000029462	Duodenum,Jejunum,Ileum	ENSMUSG00000065956	Defa37	Defal1
ENSRNOG00000029462	Duodenum,Jejunum,Ileum	ENSMUSG00000074434	Defa28	Defal1
ENSRNOG00000029462	Duodenum,Jejunum,Ileum	ENSMUSG00000079113	Defa43	Defal1
ENSRNOG00000029462	Duodenum,Jejunum,Ileum	ENSMUSG00000060070	Defa26	Defal1
ENSRNOG00000029462	Duodenum,Jejunum,Ileum	ENSMUSG00000060208	Defa17	Defal1
ENSRNOG00000029462	Duodenum,Jejunum,Ileum	ENSMUSG00000063206	Defa34	Defal1
ENSRNOG00000029462	Duodenum,Jejunum,Ileum	ENSMUSG00000058618	Defa39	Defal1
ENSRNOG00000029462	Duodenum,Jejunum,Ileum	ENSMUSG00000064213	Defa24	Defal1
ENSRNOG00000029501	Liver,Kidney	ENSMUSG00000025176	Hoga1	Hoga1
ENSRNOG00000029514	Stomach	ENSMUSG00000042268	Slc26a9	Slc26a9
ENSRNOG00000029522	Duodenum,Jejunum,Ileum	ENSMUSG00000079120	AY761185	Defa6
ENSRNOG00000029522	Duodenum,Jejunum,Ileum	ENSMUSG00000074447	Defa21	Defa6
ENSRNOG00000029522	Duodenum,Jejunum,Ileum	ENSMUSG00000074446	Defa23	Defa6
ENSRNOG00000029522	Duodenum,Jejunum,Ileum	ENSMUSG00000061845	Defa35	Defa6
ENSRNOG00000029522	Duodenum,Jejunum,Ileum	ENSMUSG00000094687	Defa25	Defa6
ENSRNOG00000029522	Duodenum,Jejunum,Ileum	ENSMUSG00000061958	Defa38	Defa6
ENSRNOG00000029522	Duodenum,Jejunum,Ileum	ENSMUSG00000074444	Defa30	Defa6
ENSRNOG00000029522	Duodenum,Jejunum,Ileum	ENSMUSG00000074443	Defa22	Defa6
ENSRNOG00000029522	Duodenum,Jejunum,Ileum	ENSMUSG00000074442	Defa31	Defa6
ENSRNOG00000029522	Duodenum,Jejunum,Ileum	ENSMUSG00000079116	Defa41	Defa6
ENSRNOG00000029522	Duodenum,Jejunum,Ileum	ENSMUSG00000074441	Defa40	Defa6
ENSRNOG00000029522	Duodenum,Jejunum,Ileum	ENSMUSG00000074440	Defa3	Defa6
ENSRNOG00000029522	Duodenum,Jejunum,Ileum	ENSMUSG00000074439	Defa5	Defa6
ENSRNOG00000029522	Duodenum,Jejunum,Ileum	ENSMUSG00000082211	Defa27	Defa6
ENSRNOG00000029522	Duodenum,Jejunum,Ileum	ENSMUSG00000074437	Defa29	Defa6
ENSRNOG00000029522	Duodenum,Jejunum,Ileum	ENSMUSG00000096295	Defa2	Defa6
ENSRNOG00000029522	Duodenum,Jejunum,Ileum	ENSMUSG00000094362	Defa33	Defa6
ENSRNOG00000029522	Duodenum,Jejunum,Ileum	ENSMUSG00000094662	Defa36	Defa6
ENSRNOG00000029522	Duodenum,Jejunum,Ileum	ENSMUSG00000079114	Defa42	Defa6
ENSRNOG00000029522	Duodenum,Jejunum,Ileum	ENSMUSG00000095066	Defa20	Defa6
ENSRNOG00000029522	Duodenum,Jejunum,Ileum	ENSMUSG00000094818	Defa32	Defa6
ENSRNOG00000029522	Duodenum,Jejunum,Ileum	ENSMUSG00000065956	Defa37	Defa6
ENSRNOG00000029522	Duodenum,Jejunum,Ileum	ENSMUSG00000074434	Defa28	Defa6
ENSRNOG00000029522	Duodenum,Jejunum,Ileum	ENSMUSG00000079113	Defa43	Defa6
ENSRNOG00000029522	Duodenum,Jejunum,Ileum	ENSMUSG00000060070	Defa26	Defa6
ENSRNOG00000029522	Duodenum,Jejunum,Ileum	ENSMUSG00000060208	Defa17	Defa6
ENSRNOG00000029522	Duodenum,Jejunum,Ileum	ENSMUSG00000063206	Defa34	Defa6
ENSRNOG00000029522	Duodenum,Jejunum,Ileum	ENSMUSG00000058618	Defa39	Defa6
ENSRNOG00000029522	Duodenum,Jejunum,Ileum	ENSMUSG00000064213	Defa24	Defa6
ENSRNOG00000029644	Brain	ENSMUSG00000079598	Clec2l	Clec2l
ENSRNOG00000029726	Liver	ENSMUSG00000058135	Gstm1	Gstm1
ENSRNOG00000029738	Brain	ENSMUSG00000043670	Diras1	Diras1
ENSRNOG00000029784	Brain	ENSMUSG00000030774	Pak1	Pak1
ENSRNOG00000029811	Stomach	ENSMUSG00000039672	Kcne2	Kcne2
ENSRNOG00000029889	Duodenum,Jejunum,Ileum	ENSMUSG00000074195	Clca4b	Clca4
ENSRNOG00000029889	Duodenum,Jejunum,Ileum	ENSMUSG00000068547	Clca4a	Clca4
ENSRNOG00000029903	Brain	ENSMUSG00000054162	Spock3	Spock3
ENSRNOG00000029912	Esophagus,Brain	ENSMUSG00000116594	Gm49601	Septin5
ENSRNOG00000029912	Esophagus,Brain	ENSMUSG00000072214	Septin5	Septin5
ENSRNOG00000029945	Pancreas	ENSMUSG00000040205	Cuzd1	Cuzd1
ENSRNOG00000029993	Kidney,Liver	ENSMUSG00000026866	Kynu	Kynu
ENSRNOG00000030020	Ileum,Duodenum,Jejunum	ENSMUSG00000079440	Alpi	Alpi
ENSRNOG00000030154	Liver,Kidney	NA	NA	NA
ENSRNOG00000030170	Stomach	ENSMUSG00000019761	Krt10	Krt10
ENSRNOG00000030269	Brain	ENSMUSG00000030302	Atp2b2	Atp2b2
ENSRNOG00000030281	Esophagus	ENSMUSG00000030693	Klk10	Klk10
ENSRNOG00000030386	Stomach	ENSMUSG00000032473	Cldn18	Cldn18
ENSRNOG00000030387	Liver	ENSMUSG00000060459	Kng2	Kng1
ENSRNOG00000030387	Liver	ENSMUSG00000022875	Kng1	Kng1
ENSRNOG00000030524	Duodenum,Jejunum,Ileum	ENSMUSG00000079120	AY761185	Defa24
ENSRNOG00000030524	Duodenum,Jejunum,Ileum	ENSMUSG00000074447	Defa21	Defa24
ENSRNOG00000030524	Duodenum,Jejunum,Ileum	ENSMUSG00000074446	Defa23	Defa24
ENSRNOG00000030524	Duodenum,Jejunum,Ileum	ENSMUSG00000061845	Defa35	Defa24
ENSRNOG00000030524	Duodenum,Jejunum,Ileum	ENSMUSG00000094687	Defa25	Defa24
ENSRNOG00000030524	Duodenum,Jejunum,Ileum	ENSMUSG00000061958	Defa38	Defa24
ENSRNOG00000030524	Duodenum,Jejunum,Ileum	ENSMUSG00000074444	Defa30	Defa24
ENSRNOG00000030524	Duodenum,Jejunum,Ileum	ENSMUSG00000074443	Defa22	Defa24
ENSRNOG00000030524	Duodenum,Jejunum,Ileum	ENSMUSG00000074442	Defa31	Defa24
ENSRNOG00000030524	Duodenum,Jejunum,Ileum	ENSMUSG00000079116	Defa41	Defa24
ENSRNOG00000030524	Duodenum,Jejunum,Ileum	ENSMUSG00000074441	Defa40	Defa24
ENSRNOG00000030524	Duodenum,Jejunum,Ileum	ENSMUSG00000074440	Defa3	Defa24
ENSRNOG00000030524	Duodenum,Jejunum,Ileum	ENSMUSG00000074439	Defa5	Defa24
ENSRNOG00000030524	Duodenum,Jejunum,Ileum	ENSMUSG00000082211	Defa27	Defa24
ENSRNOG00000030524	Duodenum,Jejunum,Ileum	ENSMUSG00000074437	Defa29	Defa24
ENSRNOG00000030524	Duodenum,Jejunum,Ileum	ENSMUSG00000096295	Defa2	Defa24
ENSRNOG00000030524	Duodenum,Jejunum,Ileum	ENSMUSG00000094362	Defa33	Defa24
ENSRNOG00000030524	Duodenum,Jejunum,Ileum	ENSMUSG00000094662	Defa36	Defa24
ENSRNOG00000030524	Duodenum,Jejunum,Ileum	ENSMUSG00000079114	Defa42	Defa24
ENSRNOG00000030524	Duodenum,Jejunum,Ileum	ENSMUSG00000095066	Defa20	Defa24
ENSRNOG00000030524	Duodenum,Jejunum,Ileum	ENSMUSG00000094818	Defa32	Defa24
ENSRNOG00000030524	Duodenum,Jejunum,Ileum	ENSMUSG00000065956	Defa37	Defa24
ENSRNOG00000030524	Duodenum,Jejunum,Ileum	ENSMUSG00000074434	Defa28	Defa24
ENSRNOG00000030524	Duodenum,Jejunum,Ileum	ENSMUSG00000079113	Defa43	Defa24
ENSRNOG00000030524	Duodenum,Jejunum,Ileum	ENSMUSG00000060070	Defa26	Defa24
ENSRNOG00000030524	Duodenum,Jejunum,Ileum	ENSMUSG00000060208	Defa17	Defa24
ENSRNOG00000030524	Duodenum,Jejunum,Ileum	ENSMUSG00000063206	Defa34	Defa24
ENSRNOG00000030524	Duodenum,Jejunum,Ileum	ENSMUSG00000058618	Defa39	Defa24
ENSRNOG00000030524	Duodenum,Jejunum,Ileum	ENSMUSG00000064213	Defa24	Defa24
ENSRNOG00000030538	Liver	ENSMUSG00000030236	Slco1b2	Slco1b2
ENSRNOG00000030547	Brain	ENSMUSG00000061576	Dpp6	Dpp6
ENSRNOG00000030625	Brain,Liver	ENSMUSG00000032553	Srprb	Tf
ENSRNOG00000030625	Brain,Liver	ENSMUSG00000032554	Trf	Tf
ENSRNOG00000030676	Esophagus	ENSMUSG00000039269	2300002M23Rik	AABR07044373.1
ENSRNOG00000030715	Liver	ENSMUSG00000070594	Cfhr4	Cfh
ENSRNOG00000030715	Liver	ENSMUSG00000033898	Cfhr2	Cfh
ENSRNOG00000030715	Liver	ENSMUSG00000026365	Cfh	Cfh
ENSRNOG00000030726	Liver	ENSMUSG00000040963	Asgr2	Asgr2
ENSRNOG00000030848	Heart	ENSMUSG00000013936	Myl2	Myl2
ENSRNOG00000030894	Kidney	ENSMUSG00000079262	Slco1a6	Slco1a6
ENSRNOG00000030904	Pancreas	ENSMUSG00000011463	Cpb1	Cpb1
ENSRNOG00000031067	Ileum,Duodenum,Jejunum	ENSMUSG00000027790	Sis	Si
ENSRNOG00000031079	Heart	NA	NA	NA
ENSRNOG00000031263	Liver,Kidney	ENSMUSG00000000673	Haao	Haao
ENSRNOG00000031385	Pancreas	NA	NA	NA
ENSRNOG00000031665	Ileum,Duodenum,Jejunum	ENSMUSG00000015405	Ace2	Ace2
ENSRNOG00000031671	Brain	ENSMUSG00000030134	Rasgef1a	Rasgef1a
ENSRNOG00000031890	Brain	ENSMUSG00000039542	Ncam1	Ncam1
ENSRNOG00000031955	Esophagus	ENSMUSG00000063130	Calml3	Calml3
ENSRNOG00000032152	Kidney	ENSMUSG00000037098	Rab11fip3	Rab11fip3
ENSRNOG00000032156	Pancreas	NA	NA	NA
ENSRNOG00000032187	Colon	ENSMUSG00000022650	Retnlb	Retnlb
ENSRNOG00000032246	Kidney	ENSMUSG00000030935	Acsm3	Acsm3
ENSRNOG00000032328	Brain	NA	NA	NA
ENSRNOG00000032332	Esophagus	ENSMUSG00000059668	Krt4	Krt4
ENSRNOG00000032350	Brain	ENSMUSG00000029088	Kcnip4	Kcnip4
ENSRNOG00000032374	Liver	NA	NA	NA
ENSRNOG00000032394	Liver	ENSMUSG00000022615	Tymp	Tymp
ENSRNOG00000032560	Liver	ENSMUSG00000038656	Cyp3a16	Cyp3a23-3a1
ENSRNOG00000032560	Liver	ENSMUSG00000075552	Cyp3a41b	Cyp3a23-3a1
ENSRNOG00000032560	Liver	ENSMUSG00000075551	Cyp3a41a	Cyp3a23-3a1
ENSRNOG00000032560	Liver	ENSMUSG00000054417	Cyp3a44	Cyp3a23-3a1
ENSRNOG00000032560	Liver	ENSMUSG00000056035	Cyp3a11	Cyp3a23-3a1
ENSRNOG00000032669	Liver	ENSMUSG00000071178	Serpina1b	Serpina1
ENSRNOG00000032669	Liver	ENSMUSG00000071177	Serpina1d	Serpina1
ENSRNOG00000032669	Liver	ENSMUSG00000066366	Serpina1a	Serpina1
ENSRNOG00000032669	Liver	ENSMUSG00000079015	Serpina1c	Serpina1
ENSRNOG00000032669	Liver	ENSMUSG00000072849	Serpina1e	Serpina1
ENSRNOG00000032699	Brain	ENSMUSG00000030428	Ttyh1	Ttyh1
ENSRNOG00000032729	Brain	ENSMUSG00000042750	Bex2	Bex2
ENSRNOG00000032745	Liver,Kidney	ENSMUSG00000036083	Slc17a3	Slc17a3
ENSRNOG00000032805	Esophagus	ENSMUSG00000052974	Cyp2f2	Cyp2f4
ENSRNOG00000032828	Brain	ENSMUSG00000022619	Mapk8ip2	Mapk8ip2
ENSRNOG00000032871	Brain	ENSMUSG00000035805	Mlc1	Mlc1
ENSRNOG00000032895	Liver	ENSMUSG00000073424	Cyp4f15	Cyp4f4
ENSRNOG00000032916	Pancreas	NA	NA	NA
ENSRNOG00000032922	Brain	ENSMUSG00000027797	Dclk1	Dclk1
ENSRNOG00000032951	Esophagus,Quadriceps	ENSMUSG00000020216	Jsrp1	Jsrp1
ENSRNOG00000032959	Stomach,Esophagus	ENSMUSG00000055301	Adh7	Adh7
ENSRNOG00000032994	Esophagus	ENSMUSG00000037139	Myom3	Myom3
ENSRNOG00000033010	Liver	ENSMUSG00000021213	Akr1c13	Akr1c12
ENSRNOG00000033010	Liver	ENSMUSG00000021211	Akr1c12	Akr1c12
ENSRNOG00000033064	Brain	ENSMUSG00000034488	Edil3	Edil3
ENSRNOG00000033153	Esophagus	ENSMUSG00000047281	Sfn	Sfn
ENSRNOG00000033162	Stomach	ENSMUSG00000062778	Chia1	Chia
ENSRNOG00000033164	Liver	ENSMUSG00000040583	Cyp2b13	Cyp2b3
ENSRNOG00000033164	Liver	ENSMUSG00000040660	Cyp2b9	Cyp2b3
ENSRNOG00000033245	Liver	NA	NA	NA
ENSRNOG00000033261	Brain	ENSMUSG00000021750	Fam107a	Fam107a
ENSRNOG00000033386	Liver	ENSMUSG00000006529	Itih1	Itih1
ENSRNOG00000033415	Liver	NA	NA	NA
ENSRNOG00000033444	Liver	ENSMUSG00000031444	F10	F10
ENSRNOG00000033466	Liver	ENSMUSG00000051716	Apon	Apon
ENSRNOG00000033490	Stomach	ENSMUSG00000001943	Vsig2	Vsig2
ENSRNOG00000033499	Esophagus	ENSMUSG00000057609	Lce1a1	AABR07012310.1
ENSRNOG00000033499	Esophagus	ENSMUSG00000027923	Lce1b	AABR07012310.1
ENSRNOG00000033499	Esophagus	ENSMUSG00000042092	Lce1c	AABR07012310.1
ENSRNOG00000033529	Pancreas,Liver	NA	NA	NA
ENSRNOG00000033545	Heart	NA	NA	AY172581.21
ENSRNOG00000033564	Ileum,Pancreas	ENSMUSG00000061780	Cfd	Cfd
ENSRNOG00000033568	Brain	ENSMUSG00000024163	Mapk8ip3	Mapk8ip3
ENSRNOG00000033619	Liver	NA	NA	NA
ENSRNOG00000033706	Esophagus	ENSMUSG00000044737	Klk14	Klk14
ENSRNOG00000033734	Heart	ENSMUSG00000026414	Tnnt2	Tnnt2
ENSRNOG00000033835	Brain	ENSMUSG00000026825	Dnm1	Dnm1
ENSRNOG00000033933	Stomach,Esophagus	ENSMUSG00000054905	Stfa3	Stfa3
ENSRNOG00000034012	Esophagus	ENSMUSG00000044430	Klk12	Klk12
ENSRNOG00000034075	Brain	ENSMUSG00000052981	Ube2ql1	Ube2ql1
ENSRNOG00000034084	Kidney	ENSMUSG00000002797	Ggct	Ggct
ENSRNOG00000034191	Liver,Kidney	ENSMUSG00000040181	Fmo1	Fmo1
ENSRNOG00000036571	Duodenum,Jejunum	ENSMUSG00000061825	Ces2c	Ces2c
ENSRNOG00000036603	Duodenum,Jejunum,Ileum	ENSMUSG00000079339	Ifit1bl1	Ifit1bl
ENSRNOG00000036603	Duodenum,Jejunum,Ileum	ENSMUSG00000067297	Ifit1bl2	Ifit1bl
ENSRNOG00000036622	Liver	ENSMUSG00000071633	Gm4952	Glyatl1
ENSRNOG00000036641	Ileum,Duodenum,Jejunum	ENSMUSG00000042041	2010003K11Rik	2010003K11Rik
ENSRNOG00000036673	Ileum,Duodenum,Jejunum	ENSMUSG00000039364	Sectm1b	Sectm1b
ENSRNOG00000036690	Esophagus,Quadriceps	ENSMUSG00000025129	Ppp1r27	Ppp1r27
ENSRNOG00000036692	Liver	ENSMUSG00000025127	Gcgr	Gcgr
ENSRNOG00000036802	Brain	NA	NA	NA
ENSRNOG00000036814	Brain	ENSMUSG00000019302	Atp6v0a1	Atp6v0a1
ENSRNOG00000036826	Ileum	ENSMUSG00000022491	Glycam1	Glycam1
ENSRNOG00000036828	Brain	ENSMUSG00000022489	Pde1b	Pde1b
ENSRNOG00000036959	Duodenum,Jejunum	ENSMUSG00000048473	Sult6b2	RGD1561551
ENSRNOG00000036984	Kidney,Liver	ENSMUSG00000041698	Slco1a1	Slco1a1
ENSRNOG00000037167	Liver	ENSMUSG00000066319	Rtp3	Rtp3
ENSRNOG00000037188	Liver	NA	NA	NA
ENSRNOG00000037199	Heart	ENSMUSG00000050074	Spink8	Spink8
ENSRNOG00000037446	Liver	ENSMUSG00000029499	Pxmp2	Pxmp2
ENSRNOG00000037645	Quadriceps	ENSMUSG00000079428	Tceal7	Tceal7
ENSRNOG00000037658	Brain	ENSMUSG00000072966	Gprasp2	Gprasp2
ENSRNOG00000037753	Ileum	ENSMUSG00000023073	Slc10a2	Slc10a2
ENSRNOG00000037793	Brain	ENSMUSG00000090071	Cdk5r2	Cdk5r2
ENSRNOG00000037814	Stomach	ENSMUSG00000060188	Cxcl17	Cxcl17
ENSRNOG00000037871	Brain	ENSMUSG00000033720	Sfxn5	Sfxn5
ENSRNOG00000038126	Esophagus	ENSMUSG00000039775	Defb3	Defb5
ENSRNOG00000038126	Esophagus	ENSMUSG00000059230	Defb4	Defb5
ENSRNOG00000038135	Duodenum,Jejunum,Ileum	ENSMUSG00000074447	Defa21	RatNP-3b
ENSRNOG00000038135	Duodenum,Jejunum,Ileum	ENSMUSG00000074446	Defa23	RatNP-3b
ENSRNOG00000038135	Duodenum,Jejunum,Ileum	ENSMUSG00000061845	Defa35	RatNP-3b
ENSRNOG00000038135	Duodenum,Jejunum,Ileum	ENSMUSG00000094687	Defa25	RatNP-3b
ENSRNOG00000038135	Duodenum,Jejunum,Ileum	ENSMUSG00000074444	Defa30	RatNP-3b
ENSRNOG00000038135	Duodenum,Jejunum,Ileum	ENSMUSG00000074443	Defa22	RatNP-3b
ENSRNOG00000038135	Duodenum,Jejunum,Ileum	ENSMUSG00000074442	Defa31	RatNP-3b
ENSRNOG00000038135	Duodenum,Jejunum,Ileum	ENSMUSG00000079116	Defa41	RatNP-3b
ENSRNOG00000038135	Duodenum,Jejunum,Ileum	ENSMUSG00000074441	Defa40	RatNP-3b
ENSRNOG00000038135	Duodenum,Jejunum,Ileum	ENSMUSG00000074440	Defa3	RatNP-3b
ENSRNOG00000038135	Duodenum,Jejunum,Ileum	ENSMUSG00000074439	Defa5	RatNP-3b
ENSRNOG00000038135	Duodenum,Jejunum,Ileum	ENSMUSG00000082211	Defa27	RatNP-3b
ENSRNOG00000038135	Duodenum,Jejunum,Ileum	ENSMUSG00000096295	Defa2	RatNP-3b
ENSRNOG00000038135	Duodenum,Jejunum,Ileum	ENSMUSG00000094362	Defa33	RatNP-3b
ENSRNOG00000038135	Duodenum,Jejunum,Ileum	ENSMUSG00000094662	Defa36	RatNP-3b
ENSRNOG00000038135	Duodenum,Jejunum,Ileum	ENSMUSG00000095066	Defa20	RatNP-3b
ENSRNOG00000038135	Duodenum,Jejunum,Ileum	ENSMUSG00000094818	Defa32	RatNP-3b
ENSRNOG00000038135	Duodenum,Jejunum,Ileum	ENSMUSG00000065956	Defa37	RatNP-3b
ENSRNOG00000038135	Duodenum,Jejunum,Ileum	ENSMUSG00000074434	Defa28	RatNP-3b
ENSRNOG00000038135	Duodenum,Jejunum,Ileum	ENSMUSG00000060070	Defa26	RatNP-3b
ENSRNOG00000038135	Duodenum,Jejunum,Ileum	ENSMUSG00000060208	Defa17	RatNP-3b
ENSRNOG00000038135	Duodenum,Jejunum,Ileum	ENSMUSG00000063206	Defa34	RatNP-3b
ENSRNOG00000038135	Duodenum,Jejunum,Ileum	ENSMUSG00000064213	Defa24	RatNP-3b
ENSRNOG00000038184	Brain	NA	NA	NA
ENSRNOG00000038228	Brain	ENSMUSG00000052584	Serp2	Serp2
ENSRNOG00000038258	Kidney,Liver	ENSMUSG00000033427	Upb1	Upb1
ENSRNOG00000038361	Kidney	ENSMUSG00000025955	Akr1cl	RGD1564865
ENSRNOG00000038370	Liver	ENSMUSG00000022868	Ahsg	AABR07034632.1
ENSRNOG00000038422	Ileum,Duodenum,Jejunum	ENSMUSG00000037145	Lypd8l	
ENSRNOG00000038499	Esophagus	ENSMUSG00000051081	Gm4847	Gm4847
ENSRNOG00000038607	Liver	NA	NA	NA
ENSRNOG00000038625	Esophagus	ENSMUSG00000030433	Sbk2	Sbk2
ENSRNOG00000038720	Kidney	ENSMUSG00000020990	Cdkl1	Cdkl1
ENSRNOG00000038740	Ileum	ENSMUSG00000043931	Gimap7	Gimap7
ENSRNOG00000039110	Quadriceps	ENSMUSG00000071342	Lsmem1	Lsmem1
ENSRNOG00000039260	Stomach,Esophagus	ENSMUSG00000071858	Gm94	RGD1563060
ENSRNOG00000039494	Liver,Kidney	ENSMUSG00000029695	Aass	Aass
ENSRNOG00000039559	Brain	ENSMUSG00000028439	Fam219a	Fam219a
ENSRNOG00000039745	Kidney	ENSMUSG00000042251	Pm20d1	Pm20d1
ENSRNOG00000039902	Heart	ENSMUSG00000024063	Lbh	Lbh
ENSRNOG00000039906	Colon	ENSMUSG00000015787	Abo	Abo3
ENSRNOG00000039971	Stomach	ENSMUSG00000114635	Gm49392	Ctla2a
ENSRNOG00000039971	Stomach	ENSMUSG00000114432	Gm49391	Ctla2a
ENSRNOG00000039971	Stomach	ENSMUSG00000074874	Ctla2b	Ctla2a
ENSRNOG00000039971	Stomach	ENSMUSG00000044258	Ctla2a	Ctla2a
ENSRNOG00000040120	Kidney,Liver	ENSMUSG00000042118	Bhmt2	Bhmt2
ENSRNOG00000040122	Esophagus,Quadriceps	ENSMUSG00000068697	Myoz1	Myoz1
ENSRNOG00000040195	Kidney	NA	NA	NA
ENSRNOG00000040350	Esophagus,Quadriceps	ENSMUSG00000076275	Mir675	Mir675
ENSRNOG00000042084	Liver,Kidney	ENSMUSG00000033533	Acsm1	Acsm1
ENSRNOG00000042105	Stomach,Esophagus	NA	NA	Lce1l
ENSRNOG00000042111	Kidney	ENSMUSG00000023122	Sult1c2	Sult1c2a
ENSRNOG00000042228	Liver	NA	NA	NA
ENSRNOG00000042287	Stomach	ENSMUSG00000073408	Mucl3	Mucl3
ENSRNOG00000042318	Liver	ENSMUSG00000079563	Pglyrp2	Pglyrp2
ENSRNOG00000042369	Liver	NA	NA	RGD1564614
ENSRNOG00000042391	Esophagus	ENSMUSG00000058260	Serpina9	Serpina9
ENSRNOG00000042419	Quadriceps	ENSMUSG00000060923	Acyp2	Acyp2
ENSRNOG00000042426	Liver	ENSMUSG00000031640	Gm45753	Cyp4v3
ENSRNOG00000042426	Liver	ENSMUSG00000079057	Cyp4v3	Cyp4v3
ENSRNOG00000042753	Brain	NA	NA	Fgf13
ENSRNOG00000042901	Liver	ENSMUSG00000057037	Cfhr1	Cfhr1
ENSRNOG00000042970	Esophagus	NA	NA	NA
ENSRNOG00000042978	Brain	ENSMUSG00000051359	Ncald	Ncald
ENSRNOG00000043098	Kidney	NA	NA	Mt2A
ENSRNOG00000043111	Esophagus	NA	NA	NA
ENSRNOG00000043131	Liver	ENSMUSG00000023093	Pate12	
ENSRNOG00000043131	Liver	ENSMUSG00000090710	Pate11	
ENSRNOG00000043193	Kidney	NA	NA	NA
ENSRNOG00000043325	Stomach,Esophagus	NA	NA	NA
ENSRNOG00000043342	Colon	ENSMUSG00000096001	2610528A11Rik	
ENSRNOG00000043387	Brain	ENSMUSG00000037852	Cpe	Cpe
ENSRNOG00000043404	Liver	ENSMUSG00000034456	Uroc1	Uroc1
ENSRNOG00000043426	Liver	ENSMUSG00000040213	Kyat3	Kyat3
ENSRNOG00000043445	Esophagus	ENSMUSG00000028148	Them5	Them5
ENSRNOG00000043451	Kidney	ENSMUSG00000029304	Spp1	Spp1
ENSRNOG00000045612	Pancreas	NA	NA	NA
ENSRNOG00000045637	Brain	ENSMUSG00000060450	Rnf14	Rnf14
ENSRNOG00000045738	Kidney	ENSMUSG00000028527	Ak4	Ak4
ENSRNOG00000045799	Liver	ENSMUSG00000023093	Pate12	Rup2
ENSRNOG00000045799	Liver	ENSMUSG00000090710	Pate11	Rup2
ENSRNOG00000045816	Brain	ENSMUSG00000020524	Gria1	Gria1
ENSRNOG00000045844	Brain	ENSMUSG00000024423	Impact	Impact
ENSRNOG00000046005	Brain	ENSMUSG00000025203	Scd2	Scd2
ENSRNOG00000046075	Duodenum,Jejunum,Ileum	NA	NA	NA
ENSRNOG00000046165	Colon	ENSMUSG00000079180	Mptx2	Mptx1
ENSRNOG00000046165	Colon	ENSMUSG00000026531	Mptx1	Mptx1
ENSRNOG00000046231	Esophagus,Quadriceps	ENSMUSG00000026407	Cacna1s	Cacna1s
ENSRNOG00000046307	Liver,Kidney	ENSMUSG00000020258	Glyctk	Glyctk
ENSRNOG00000046313	Brain	NA	NA	NA
ENSRNOG00000046453	Duodenum,Jejunum,Ileum	NA	NA	NA
ENSRNOG00000046458	Duodenum,Jejunum	ENSMUSG00000029644	Pdx1	Pdx1
ENSRNOG00000046540	Liver	ENSMUSG00000054630	Ugt2b5	Ugt2b
ENSRNOG00000046540	Liver	ENSMUSG00000057425	Ugt2b37	Ugt2b
ENSRNOG00000046540	Liver	ENSMUSG00000061906	Ugt2b38	Ugt2b
ENSRNOG00000046699	Esophagus	ENSMUSG00000017002	Slpi	Slpi
ENSRNOG00000046727	Liver	ENSMUSG00000025194	Abcc2	Abcc2
ENSRNOG00000046764	Esophagus	ENSMUSG00000072845	Tmprss11a	Tmprss11a
ENSRNOG00000046788	Esophagus	NA	NA	AABR07012317.1
ENSRNOG00000046834	Liver	ENSMUSG00000024164	C3	C3
ENSRNOG00000046947	Brain	ENSMUSG00000039058	Ak5	Ak5
ENSRNOG00000046955	Brain	ENSMUSG00000089715	Cbx6	Cbx6
ENSRNOG00000046975	Brain	ENSMUSG00000018865	Sult4a1	Sult4a1
ENSRNOG00000046984	Colon	ENSMUSG00000026811	St6galnac6	St6galnac6
ENSRNOG00000047023	Kidney,Liver	ENSMUSG00000030088	Aldh1l1	Aldh1l1
ENSRNOG00000047026	Duodenum,Jejunum,Ileum	NA	NA	Enpp7
ENSRNOG00000047124	Esophagus,Quadriceps	ENSMUSG00000030730	Atp2a1	AABR07005775.1
ENSRNOG00000047247	Brain	ENSMUSG00000013236	Ptprs	Ptprs
ENSRNOG00000047476	Brain	ENSMUSG00000019831	Wasf1	Wasf1
ENSRNOG00000047503	Liver	ENSMUSG00000032081	Apoc3	Apoc3
ENSRNOG00000047505	Brain	ENSMUSG00000062591	Tubb4a	Tubb4a
ENSRNOG00000047520	Liver	NA	NA	NA
ENSRNOG00000047613	Liver	ENSMUSG00000078686	Mup9	AABR07048463.1
ENSRNOG00000047613	Liver	ENSMUSG00000078683	Mup1	AABR07048463.1
ENSRNOG00000047613	Liver	ENSMUSG00000078680	Mup10	AABR07048463.1
ENSRNOG00000047613	Liver	ENSMUSG00000073834	Mup11	AABR07048463.1
ENSRNOG00000047613	Liver	ENSMUSG00000094793	Mup12	AABR07048463.1
ENSRNOG00000047613	Liver	ENSMUSG00000110439	Mup22	AABR07048463.1
ENSRNOG00000047613	Liver	ENSMUSG00000089873	Mup13	AABR07048463.1
ENSRNOG00000047613	Liver	ENSMUSG00000073830	Mup14	AABR07048463.1
ENSRNOG00000047613	Liver	ENSMUSG00000096674	Mup15	AABR07048463.1
ENSRNOG00000047613	Liver	ENSMUSG00000078675	Mup16	AABR07048463.1
ENSRNOG00000047613	Liver	ENSMUSG00000096688	Mup17	AABR07048463.1
ENSRNOG00000047613	Liver	ENSMUSG00000078674	Mup18	AABR07048463.1
ENSRNOG00000047613	Liver	ENSMUSG00000078673	Mup19	AABR07048463.1
ENSRNOG00000047613	Liver	ENSMUSG00000058523	Mup5	AABR07048463.1
ENSRNOG00000047613	Liver	ENSMUSG00000078672	Mup20	AABR07048463.1
ENSRNOG00000047613	Liver	ENSMUSG00000066154	Mup3	AABR07048463.1
ENSRNOG00000047613	Liver	ENSMUSG00000066153	Mup21	AABR07048463.1
ENSRNOG00000047613	Liver	ENSMUSG00000041333	Mup4	AABR07048463.1
ENSRNOG00000047613	Liver	ENSMUSG00000078689	Mup6	AABR07048463.1
ENSRNOG00000047613	Liver	ENSMUSG00000073842	Mup7	AABR07048463.1
ENSRNOG00000047613	Liver	ENSMUSG00000078688	Mup2	AABR07048463.1
ENSRNOG00000047613	Liver	ENSMUSG00000078687	Mup8	AABR07048463.1
ENSRNOG00000047697	Kidney	ENSMUSG00000006345	Ggt1	Ggt1
ENSRNOG00000047708	Liver	ENSMUSG00000021033	Gstz1	Gstz1
ENSRNOG00000047745	Liver	ENSMUSG00000038656	Cyp3a16	AABR07035348.1
ENSRNOG00000047745	Liver	ENSMUSG00000075552	Cyp3a41b	AABR07035348.1
ENSRNOG00000047745	Liver	ENSMUSG00000075551	Cyp3a41a	AABR07035348.1
ENSRNOG00000047745	Liver	ENSMUSG00000054417	Cyp3a44	AABR07035348.1
ENSRNOG00000047745	Liver	ENSMUSG00000056035	Cyp3a11	AABR07035348.1
ENSRNOG00000047752	Kidney	NA	NA	NA
ENSRNOG00000047799	Brain	ENSMUSG00000032192	Gnb5	Gnb5
ENSRNOG00000047843	Liver	NA	NA	NA
ENSRNOG00000047986	Liver	ENSMUSG00000070811	Sult2a2	Sult2a2
ENSRNOG00000047986	Liver	ENSMUSG00000078798	Sult2a1	Sult2a2
ENSRNOG00000047986	Liver	ENSMUSG00000074377	Sult2a4	Sult2a2
ENSRNOG00000047986	Liver	ENSMUSG00000074375	Sult2a3	Sult2a2
ENSRNOG00000047986	Liver	ENSMUSG00000070810	Sult2a6	Sult2a2
ENSRNOG00000047986	Liver	ENSMUSG00000094156	Sult2a7	Sult2a2
ENSRNOG00000047986	Liver	ENSMUSG00000078799	Sult2a5	Sult2a2
ENSRNOG00000048062	Ileum	NA	NA	NA
ENSRNOG00000048169	Heart,Quadriceps	ENSMUSG00000030137	Tuba8	Tuba8
ENSRNOG00000048273	Brain	ENSMUSG00000022548	Apod	Apod
ENSRNOG00000048275	Liver	ENSMUSG00000025481	Urah	RGD1309350
ENSRNOG00000048402	Ileum	NA	NA	NA
ENSRNOG00000048579	Esophagus	ENSMUSG00000024409	Psors1c2	Psors1c2
ENSRNOG00000048682	Brain	ENSMUSG00000019923	Zwint	Zwint
ENSRNOG00000048723	Liver	ENSMUSG00000022912	Pros1	Pros1
ENSRNOG00000048823	Ileum,Duodenum,Jejunum	ENSMUSG00000031886	Ces2e	AABR07007146.1
ENSRNOG00000048834	Ileum,Duodenum,Jejunum	NA	NA	NA
ENSRNOG00000048874	Liver	ENSMUSG00000059434	Gckr	Gckr
ENSRNOG00000048898	Brain	ENSMUSG00000029636	Wasf3	Wasf3
ENSRNOG00000048980	Brain	NA	NA	Gng2
ENSRNOG00000049054	Brain	ENSMUSG00000020591	Ntsr2	Ntsr2
ENSRNOG00000049056	Quadriceps	ENSMUSG00000026817	Ak1	AABR07051450.1
ENSRNOG00000049075	Stomach,Esophagus	ENSMUSG00000027533	Fabp5	
ENSRNOG00000049219	Brain	ENSMUSG00000020496	Rnf187	Rnf187
ENSRNOG00000049303	Ileum	ENSMUSG00000026390	Marco	Marco
ENSRNOG00000049345	Ileum,Duodenum,Jejunum	ENSMUSG00000024313	Mep1b	Mep1b
ENSRNOG00000049349	Brain	ENSMUSG00000054863	Tafa5	Tafa5
ENSRNOG00000049351	Brain	ENSMUSG00000048142	Nat8l	Nat8l
ENSRNOG00000049361	Esophagus,Brain	ENSMUSG00000033066	Gas7	Gas7
ENSRNOG00000049464	Liver	ENSMUSG00000062624	Cyp2c67	Cyp2c13
ENSRNOG00000049464	Liver	ENSMUSG00000074882	Cyp2c68	Cyp2c13
ENSRNOG00000049464	Liver	ENSMUSG00000025004	Cyp2c40	Cyp2c13
ENSRNOG00000049464	Liver	ENSMUSG00000092008	Cyp2c69	Cyp2c13
ENSRNOG00000049484	Brain	ENSMUSG00000027546	Atp9a	Atp9a
ENSRNOG00000049592	Colon	NA	NA	NA
ENSRNOG00000049629	Brain	ENSMUSG00000038555	Reep2	Reep2
ENSRNOG00000049641	Kidney	ENSMUSG00000026433	Rab29	Rab29
ENSRNOG00000049695	Esophagus,Quadriceps	ENSMUSG00000056328	Myh1	Myh4
ENSRNOG00000049755	Ileum	NA	NA	NA
ENSRNOG00000049802	Brain	NA	NA	NA
ENSRNOG00000049855	Pancreas	NA	NA	NA
ENSRNOG00000049949	Brain	ENSMUSG00000007594	Hapln4	Hapln4
ENSRNOG00000049955	Ileum,Duodenum,Jejunum	ENSMUSG00000020447	Npc1l1	Npc1l1
ENSRNOG00000049985	Brain	ENSMUSG00000043384	Gprasp1	Gprasp1
ENSRNOG00000050042	Esophagus	NA	NA	NA
ENSRNOG00000050090	Brain	ENSMUSG00000027894	Slc6a17	Slc6a17
ENSRNOG00000050205	Kidney,Liver	ENSMUSG00000017718	Afmid	Afmid
ENSRNOG00000050215	Esophagus	ENSMUSG00000039518	Cdsn	AABR07044375.1
ENSRNOG00000050220	Brain	ENSMUSG00000024109	Nrxn1	Nrxn1
ENSRNOG00000050232	Liver	NA	NA	NA
ENSRNOG00000050243	Kidney	NA	NA	NA
ENSRNOG00000050315	Liver,Kidney	NA	NA	NA
ENSRNOG00000050360	Liver	ENSMUSG00000075543	Urad	Urad
ENSRNOG00000050420	Stomach,Esophagus	ENSMUSG00000095241	Gm5478	Krt5
ENSRNOG00000050420	Stomach,Esophagus	ENSMUSG00000061527	Krt5	Krt5
ENSRNOG00000050539	Kidney	ENSMUSG00000021186	Fbln5	Fbln5
ENSRNOG00000050595	Liver	NA	NA	NA
ENSRNOG00000050682	Liver	NA	NA	NA
ENSRNOG00000050724	Esophagus	NA	NA	NA
ENSRNOG00000050767	Brain	ENSMUSG00000039114	Nrn1	Nrn1
ENSRNOG00000050860	Liver	ENSMUSG00000027048	Abcb11	Abcb11
ENSRNOG00000050983	Brain	ENSMUSG00000046093	Hpcal4	Hpcal4
ENSRNOG00000051112	Liver	NA	NA	NA
ENSRNOG00000051118	Liver	NA	NA	NA
ENSRNOG00000051158	Liver	NA	NA	NA
ENSRNOG00000051171	Liver,Kidney	NA	NA	NA
ENSRNOG00000051227	Liver	NA	NA	NA
ENSRNOG00000051418	Stomach,Esophagus	ENSMUSG00000046748	Tmem45a2	RGD1310935
ENSRNOG00000051722	Ileum	NA	NA	NA
ENSRNOG00000052010	Duodenum,Jejunum	ENSMUSG00000032098	Treh	Treh
ENSRNOG00000052016	Heart	NA	NA	NA
ENSRNOG00000052047	Ileum	NA	NA	NA
ENSRNOG00000052080	Brain	ENSMUSG00000057897	Camk2b	Camk2b
ENSRNOG00000052113	Brain	ENSMUSG00000038976	Ppp1r9b	Ppp1r9b
ENSRNOG00000052128	Ileum,Duodenum,Jejunum	ENSMUSG00000030364	Clec2h	Clec2e
ENSRNOG00000052128	Ileum,Duodenum,Jejunum	ENSMUSG00000030155	Clec2e	Clec2e
ENSRNOG00000052296	Brain	ENSMUSG00000022623	Shank3	Shank3
ENSRNOG00000052319	Brain	NA	NA	AABR07004881.1
ENSRNOG00000052376	Brain	ENSMUSG00000042182	Bend6	Bend6
ENSRNOG00000052564	Kidney	NA	NA	Gpx3
ENSRNOG00000052604	Liver	ENSMUSG00000070594	Cfhr4	
ENSRNOG00000052604	Liver	ENSMUSG00000033898	Cfhr2	
ENSRNOG00000052604	Liver	ENSMUSG00000026365	Cfh	
ENSRNOG00000052758	Brain	ENSMUSG00000020589	Cyria	Cyria
ENSRNOG00000052810	Liver	NA	NA	Cyp2c11
ENSRNOG00000052887	Brain	ENSMUSG00000028528	Dnajc6	Dnajc6
ENSRNOG00000053179	Colon	ENSMUSG00000013653	1810065E05Rik	
ENSRNOG00000053244	Liver,Kidney	ENSMUSG00000026295	Spp2	Spp2
ENSRNOG00000053258	Brain	NA	NA	NA
ENSRNOG00000053334	Brain	ENSMUSG00000022044	Stmn4	Stmn4
ENSRNOG00000053400	Liver	ENSMUSG00000058952	Cfi	Cfi
ENSRNOG00000053479	Brain	NA	NA	NA
ENSRNOG00000053633	Pancreas	NA	NA	NA
ENSRNOG00000053974	Quadriceps	ENSMUSG00000079278	Tmem233	Tmem233
ENSRNOG00000054008	Brain	ENSMUSG00000040722	Scamp5	Scamp5
ENSRNOG00000054077	Liver	NA	NA	NA
ENSRNOG00000054080	Kidney	ENSMUSG00000032232	Cgnl1	Cgnl1
ENSRNOG00000054203	Esophagus	ENSMUSG00000062713	Sim2	Sim2
ENSRNOG00000054204	Brain	ENSMUSG00000033981	Gria2	Gria2
ENSRNOG00000054219	Stomach	ENSMUSG00000031430	Vsig1	Vsig1
ENSRNOG00000054371	Brain	ENSMUSG00000078816	Prkcg	Prkcg
ENSRNOG00000054378	Kidney	ENSMUSG00000023013	Aqp2	Aqp2
ENSRNOG00000054391	Brain	ENSMUSG00000102252	Snrpn	Snrpn
ENSRNOG00000054423	Liver	ENSMUSG00000000301	Pemt	Pemt
ENSRNOG00000054506	Esophagus	ENSMUSG00000047586	Nccrp1	Nccrp1
ENSRNOG00000054603	Brain	ENSMUSG00000040276	Pacsin1	Pacsin1
ENSRNOG00000054775	Pancreas	ENSMUSG00000051853	Arf3	Fkbp11
ENSRNOG00000054962	Kidney	ENSMUSG00000042096	Dao	Dao
ENSRNOG00000055025	Esophagus	ENSMUSG00000043681	Fam25c	Fam25a
ENSRNOG00000055064	Duodenum,Jejunum	NA	NA	NA
ENSRNOG00000055295	Kidney,Liver	ENSMUSG00000026189	Pecr	Pecr
ENSRNOG00000055408	Pancreas	ENSMUSG00000006378	Gcat	Gcat
ENSRNOG00000055408	Pancreas	ENSMUSG00000116378	Gcat	Gcat
ENSRNOG00000055531	Liver	ENSMUSG00000014418	Hps5	Hps5
ENSRNOG00000055613	Pancreas	NA	NA	NA
ENSRNOG00000055934	Stomach,Esophagus	ENSMUSG00000060962	Dmkn	Dmkn
ENSRNOG00000055939	Brain	ENSMUSG00000031428	Zcchc18	Zcchc18
ENSRNOG00000055987	Pancreas	NA	NA	NA
ENSRNOG00000055996	Stomach	ENSMUSG00000037974	Muc5ac	AABR07006032.1
ENSRNOG00000056184	Kidney	ENSMUSG00000027070	Lrp2	Lrp2
ENSRNOG00000056257	Brain	ENSMUSG00000069806	Cacng7	Cacng7
ENSRNOG00000056258	Esophagus	ENSMUSG00000044322	Dsc1	Dsc1
ENSRNOG00000056493	Esophagus,Quadriceps	ENSMUSG00000020061	Mybpc1	Mybpc1
ENSRNOG00000056688	Liver	ENSMUSG00000060317	Acnat2	Acnat1
ENSRNOG00000056688	Liver	ENSMUSG00000070985	Acnat1	Acnat1
ENSRNOG00000056837	Brain	ENSMUSG00000017631	Abr	Abr
ENSRNOG00000056944	Kidney	ENSMUSG00000057315	Arhgap24	Arhgap24
ENSRNOG00000056983	Esophagus	ENSMUSG00000031372	Trex2	Trex2
ENSRNOG00000057072	Kidney	ENSMUSG00000031766	Slc12a3	Slc12a3
ENSRNOG00000057096	Brain	ENSMUSG00000057614	Gnai1	Gnai1
ENSRNOG00000057139	Esophagus,Quadriceps	NA	NA	NA
ENSRNOG00000057153	Stomach	ENSMUSG00000002847	Pla1a	Pla1a
ENSRNOG00000057161	Brain	NA	NA	NA
ENSRNOG00000057221	Brain	ENSMUSG00000049281	Scn3b	Scn3b
ENSRNOG00000057404	Kidney	ENSMUSG00000010122	Slc47a1	Slc47a1
ENSRNOG00000057578	Liver,Kidney	ENSMUSG00000036892	Prodh2	Prodh2
ENSRNOG00000057676	Heart	ENSMUSG00000041361	Myzap	Myzap
ENSRNOG00000057814	Liver	ENSMUSG00000031349	Nsdhl	Nsdhl
ENSRNOG00000057822	Esophagus	NA	NA	NA
ENSRNOG00000057880	Colon	ENSMUSG00000018830	Myh11	Myh11
ENSRNOG00000057996	Brain	ENSMUSG00000027525	Phactr3	Phactr3
ENSRNOG00000058120	Kidney	ENSMUSG00000032357	Tinag	Tinag
ENSRNOG00000058186	Kidney,Liver	ENSMUSG00000028967	Errfi1	Errfi1
ENSRNOG00000058202	Brain	ENSMUSG00000029120	Ppp2r2c	Ppp2r2c
ENSRNOG00000058420	Stomach	NA	NA	NA
ENSRNOG00000058478	Brain	ENSMUSG00000027223	Mapk8ip1	Mapk8ip1
ENSRNOG00000058586	Brain	ENSMUSG00000027298	Tyro3	Tyro3
ENSRNOG00000058652	Duodenum,Jejunum	ENSMUSG00000036500	Akp3	Akp3
ENSRNOG00000058653	Kidney	ENSMUSG00000030160	Tmem52b	Tmem52b
ENSRNOG00000058752	Heart	ENSMUSG00000022803	Popdc2	Popdc2
ENSRNOG00000058824	Ileum	NA	NA	NA
ENSRNOG00000058842	Brain	ENSMUSG00000067889	Sptbn2	Sptbn2
ENSRNOG00000058938	Brain	ENSMUSG00000032936	Camkv	Camkv
ENSRNOG00000059005	Kidney	ENSMUSG00000041248	Kcnj1	Kcnj1
ENSRNOG00000059330	Liver	ENSMUSG00000003053	Cyp2c29	AABR07004549.1
ENSRNOG00000059330	Liver	ENSMUSG00000032808	Cyp2c38	AABR07004549.1
ENSRNOG00000059330	Liver	ENSMUSG00000025003	Cyp2c39	AABR07004549.1
ENSRNOG00000059447	Ileum	NA	NA	AC109901.2
ENSRNOG00000059479	Brain	ENSMUSG00000020431	Adcy1	Adcy1
ENSRNOG00000059519	Liver	ENSMUSG00000041660	Bbox1	Bbox1
ENSRNOG00000059604	Stomach,Esophagus	NA	NA	Loricrin
ENSRNOG00000059605	Brain	ENSMUSG00000059213	Ddn	Ddn
ENSRNOG00000059660	Brain	NA	NA	NA
ENSRNOG00000059720	Brain	ENSMUSG00000031144	Syp	Syp
ENSRNOG00000059764	Brain	NA	NA	NA
ENSRNOG00000059790	Stomach,Esophagus	ENSMUSG00000050463	Krt78	Krt78
ENSRNOG00000059827	Brain	ENSMUSG00000018451	6330403K07Rik	6330403K07Rik
ENSRNOG00000059910	Ileum	NA	NA	NA
ENSRNOG00000060123	Brain	ENSMUSG00000004187	Kifc2	Kifc2
ENSRNOG00000060184	Ileum	ENSMUSG00000076671	Ighv13-2	AABR07065808.1
ENSRNOG00000060211	Brain	NA	NA	NA
ENSRNOG00000060338	Liver	ENSMUSG00000032207	Lipc	Lipc
ENSRNOG00000060728	Brain	NA	NA	NA
ENSRNOG00000060853	Kidney	ENSMUSG00000062054	Iah1	Iah1
ENSRNOG00000060988	Quadriceps	ENSMUSG00000027895	Kcnc4	Kcnc4
ENSRNOG00000061100	Kidney,Liver	ENSMUSG00000055912	Tmem150a	Tmem150a
ENSRNOG00000061237	Liver,Kidney	ENSMUSG00000034785	Dio1	Dio1
ENSRNOG00000061376	Stomach	ENSMUSG00000022598	Psca	Psca
ENSRNOG00000061544	Brain	ENSMUSG00000058297	Spock2	Spock2
ENSRNOG00000061757	Duodenum,Jejunum,Ileum	ENSMUSG00000030364	Clec2h	Clec2h
ENSRNOG00000061876	Liver,Kidney	ENSMUSG00000028738	Tas1r2	Aldh4a1
ENSRNOG00000061883	Liver	ENSMUSG00000032204	Aqp9	Aqp9
ENSRNOG00000061890	Liver	ENSMUSG00000067656	Slc22a27	Ust5r
ENSRNOG00000061890	Liver	ENSMUSG00000063590	Slc22a28	Ust5r
ENSRNOG00000061890	Liver	ENSMUSG00000075044	Slc22a29	Ust5r
ENSRNOG00000061890	Liver	ENSMUSG00000052562	Slc22a30	Ust5r
ENSRNOG00000062013	Heart	NA	NA	NA
ENSRNOG00000062027	Liver	ENSMUSG00000038656	Cyp3a16	AABR07035343.1
ENSRNOG00000062027	Liver	ENSMUSG00000075552	Cyp3a41b	AABR07035343.1
ENSRNOG00000062027	Liver	ENSMUSG00000075551	Cyp3a41a	AABR07035343.1
ENSRNOG00000062027	Liver	ENSMUSG00000054417	Cyp3a44	AABR07035343.1
ENSRNOG00000062027	Liver	ENSMUSG00000056035	Cyp3a11	AABR07035343.1
