group	SYMBOL.Mm	Species
Brain	Gad1	Rat
Brain	Cbln1	Rat
Pancreas	Tmed11	Rat
Kidney	Slc26a1	Rat
Liver	Slc26a1	Rat
Brain	Abhd8	Rat
Brain	Cplx2	Rat
Liver	Cdo1	Rat
Kidney	Gatm	Rat
Liver	Tmprss6	Rat
Kidney	Csf2rb2	Rat
Kidney	Csf2rb	Rat
Stomach	Cyp19a1	Rat
Colon	St6galnac1	Rat
Brain	Phyhipl	Rat
Brain	Prrt1	Rat
Brain	Syngap1	Rat
Colon	Spdef	Rat
Stomach	Clps	Rat
Pancreas	Clps	Rat
Esophagus	Pi16	Rat
Brain	Tspyl4	Rat
Esophagus	Lrrc20	Rat
Quadriceps	Lrrc20	Rat
Liver	Pald1	Rat
Kidney	Pcbd1	Rat
Liver	Pcbd1	Rat
Kidney	Mfsd4b5	Rat
Quadriceps	Ube2d1	Rat
Brain	Zfp365	Rat
Ileum	Ptprc	Rat
Brain	Svop	Rat
Brain	Gabbr1	Rat
Brain	Mog	Rat
Brain	Fabp7	Rat
Liver	Fabp7	Rat
Brain	Atp6v1g2	Rat
Liver	Apom	Rat
Kidney	Apom	Rat
Liver	Asl	Rat
Kidney	Asl	Rat
Quadriceps	Phkg1	Rat
Kidney	Psph	Rat
Liver	Cyp3a57	Rat
Liver	Cyp3a25	Rat
Liver	Cyp3a59	Rat
Liver	Cyp3a16	Rat
Liver	Cyp3a41b	Rat
Liver	Cyp3a41a	Rat
Liver	Cyp3a44	Rat
Liver	Cyp3a11	Rat
Brain	Pcp2	Rat
Esophagus	Ocm	Rat
Liver	Itih2	Rat
Kidney	Kl	Rat
Brain	Mmd2	Rat
Pancreas	Pla2g1b	Rat
Stomach	Pla2g1b	Rat
Stomach	Tff1	Rat
Brain	Cabp1	Rat
Esophagus	Gltp	Rat
Liver	Ftcd	Rat
Heart	Atp2a2	Rat
Brain	S100b	Rat
Liver	Azgp1	Rat
Kidney	Hpd	Rat
Liver	Hpd	Rat
Brain	Rph3a	Rat
Liver	Tfr2	Rat
Ileum	Cldn4	Rat
Duodenum	Cldn4	Rat
Jejunum	Cldn4	Rat
Brain	Slc8a2	Rat
Brain	Tmem35a	Rat
Brain	Rapgef4	Rat
Heart	Pdk1	Rat
Brain	Gap43	Rat
Brain	Ttc3	Rat
Liver	Bdh1	Rat
Duodenum	Slc51a	Rat
Jejunum	Slc51a	Rat
Ileum	Slc51a	Rat
Liver	Fetub	Rat
Liver	Hrg	Rat
Pancreas	Adipoq	Rat
Ileum	Adipoq	Rat
Brain	Sst	Rat
Stomach	Sst	Rat
Liver	Serpind1	Rat
Heart	Tecrl	Rat
Duodenum	Tmprss15	Rat
Jejunum	Tmprss15	Rat
Liver	Sult1e1	Rat
Kidney	Ugt2b35	Rat
Liver	Ugt2b35	Rat
Kidney	Ugt2b36	Rat
Liver	Ugt2b36	Rat
Pancreas	Kcne1	Rat
Brain	Synj1	Rat
Brain	Mapk10	Rat
Colon	Cwh43	Rat
Pancreas	Hsd17b13	Rat
Liver	Hsd17b13	Rat
Stomach	Aldh3a1	Rat
Esophagus	Aldh3a1	Rat
Brain	Uchl1	Rat
Brain	Rnf112	Rat
Brain	Rgs8	Rat
Duodenum	Bpnt1	Rat
Jejunum	Bpnt1	Rat
Brain	Plp1	Rat
Esophagus	Serpinb2	Rat
Liver	Insig2	Rat
Brain	Gpr37	Rat
Brain	Kifap3	Rat
Esophagus	Serpinb11	Rat
Kidney	Hnf1b	Rat
Esophagus	Serpinb12	Rat
Brain	Car10	Rat
Esophagus	Serpinb5	Rat
Esophagus	Emp2	Rat
Liver	Hgd	Rat
Kidney	Hgd	Rat
Ileum	Sell	Rat
Kidney	Serpinc1	Rat
Liver	Serpinc1	Rat
Liver	Afm	Rat
Liver	Alb	Rat
Brain	Gfap	Rat
Esophagus	Ppl	Rat
Liver	Slc25a47	Rat
Brain	Nap1l2	Rat
Quadriceps	Phka1	Rat
Ileum	Bst1	Rat
Duodenum	Bst1	Rat
Jejunum	Bst1	Rat
Colon	Prom1	Rat
Brain	Ubqln2	Rat
Liver	Gc	Rat
Kidney	Gprc5c	Rat
Esophagus	Mpz	Rat
Brain	Bmerb1	Rat
Brain	Tspan7	Rat
Kidney	Serpinf2	Rat
Liver	Serpinf2	Rat
Brain	Gabrg2	Rat
Esophagus	Cacng1	Rat
Quadriceps	Cacng1	Rat
Esophagus	Mybph	Rat
Quadriceps	Mybph	Rat
Brain	Cadm3	Rat
Brain	Rbfox3	Rat
Liver	F9	Rat
Liver	Apoa2	Rat
Brain	Gabra1	Rat
Kidney	Ephx1	Rat
Liver	Ephx1	Rat
Esophagus	Blmh	Rat
Liver	Apoh	Rat
Brain	Gabra6	Rat
Liver	Fmo3	Rat
Kidney	Fmo3	Rat
Esophagus	Pir	Rat
Duodenum	Lct	Rat
Jejunum	Lct	Rat
Ileum	Lct	Rat
Liver	Kmo	Rat
Kidney	Kmo	Rat
Brain	Nptx1	Rat
Liver	Prdx4	Rat
Pancreas	Prdx4	Rat
Stomach	Csrp2	Rat
Kidney	Csrp2	Rat
Duodenum	Tmigd1	Rat
Jejunum	Tmigd1	Rat
Ileum	Tmigd1	Rat
Duodenum	Slc40a1	Rat
Jejunum	Slc40a1	Rat
Kidney	Acmsd	Rat
Esophagus	Krt14	Rat
Esophagus	Krt16	Rat
Ileum	Fabp6	Rat
Duodenum	Fabp6	Rat
Jejunum	Fabp6	Rat
Brain	Nsf	Rat
Ileum	Gm20489	Rat
Kidney	Cltrn	Rat
Kidney	Nphs2	Rat
Liver	C4bp	Rat
Brain	Nrcam	Rat
Esophagus	Eno3	Rat
Quadriceps	Eno3	Rat
Esophagus	Abca8a	Rat
Colon	S100g	Rat
Duodenum	S100g	Rat
Jejunum	S100g	Rat
Kidney	Dpys	Rat
Liver	Dpys	Rat
Liver	Pah	Rat
Kidney	Pah	Rat
Kidney	Timp3	Rat
Heart	Sh3kbp1	Rat
Brain	Flywch1	Rat
Liver	Rdh7	Rat
Liver	Avpr1a	Rat
Brain	Zbtb18	Rat
Brain	Cntn1	Rat
Pancreas	Aqp12	Rat
Liver	Hal	Rat
Liver	Igf1	Rat
Liver	Sec14l4	Rat
Liver	Hao1	Rat
Brain	Gpm6b	Rat
Brain	Kif5c	Rat
Brain	Celf5	Rat
Kidney	Kcnj16	Rat
Brain	Napb	Rat
Ileum	Cytip	Rat
Brain	Crmp1	Rat
Brain	Fam171b	Rat
Brain	Rtn1	Rat
Quadriceps	Myf6	Rat
Esophagus	Myf6	Rat
Liver	Ebp	Rat
Kidney	Slc22a22	Rat
Duodenum	Upp1	Rat
Jejunum	Upp1	Rat
Heart	Crip2	Rat
Brain	Atl1	Rat
Brain	Kif5a	Rat
Brain	Slc4a10	Rat
Brain	Cnrip1	Rat
Brain	Csdc2	Rat
Brain	Vsnl1	Rat
Kidney	Slc12a1	Rat
Brain	Rasgrp1	Rat
Colon	Creb3l1	Rat
Liver	Rida	Rat
Kidney	Rida	Rat
Brain	Pcsk2	Rat
Brain	Lamp5	Rat
Brain	Slc1a2	Rat
Brain	Brinp1	Rat
Brain	Neurod1	Rat
Brain	Car8	Rat
Brain	Nsg1	Rat
Pancreas	Erp27	Rat
Liver	Slc10a1	Rat
Ileum	Arhgdib	Rat
Duodenum	Lyz2	Rat
Jejunum	Lyz2	Rat
Ileum	Lyz2	Rat
Duodenum	Lyz1	Rat
Jejunum	Lyz1	Rat
Ileum	Lyz1	Rat
Kidney	Kap	Rat
Ileum	Tcf7	Rat
Liver	Nnmt	Rat
Liver	Cpq	Rat
Kidney	Cpq	Rat
Esophagus	Slurp1	Rat
Duodenum	Slc4a7	Rat
Jejunum	Slc4a7	Rat
Brain	Arl8a	Rat
Brain	Snap25	Rat
Brain	Fez1	Rat
Brain	Nell2	Rat
Brain	Gpr37l1	Rat
Brain	Trim37	Rat
Kidney	Gclc	Rat
Liver	Elovl5	Rat
Pancreas	Reg3a	Rat
Brain	Alg2	Rat
Liver	Pygl	Rat
Brain	Syt1	Rat
Duodenum	Reg1	Rat
Jejunum	Reg1	Rat
Pancreas	Reg1	Rat
Kidney	Thnsl2	Rat
Brain	Slc6a1	Rat
Brain	Cyfip2	Rat
Duodenum	Reg3g	Rat
Jejunum	Reg3g	Rat
Ileum	Reg3g	Rat
Brain	Thy1	Rat
Liver	Cd302	Rat
Liver	Slc38a4	Rat
Liver	Pzp	Rat
Colon	Tgm3	Rat
Esophagus	Tgm3	Rat
Brain	Sh3gl2	Rat
Esophagus	Neb	Rat
Quadriceps	Neb	Rat
Liver	Dhcr24	Rat
Kidney	Apmap	Rat
Brain	Hdac11	Rat
Stomach	Psapl1	Rat
Esophagus	Psapl1	Rat
Liver	Ambp	Rat
Esophagus	Casq1	Rat
Quadriceps	Casq1	Rat
Brain	Gria4	Rat
Brain	Stk32c	Rat
Stomach	Ctse	Rat
Brain	Hpca	Rat
Brain	Vamp2	Rat
Kidney	Slc3a1	Rat
Kidney	Kif12	Rat
Kidney	Lgmn	Rat
Liver	Fgb	Rat
Brain	Itpr1	Rat
Liver	Ttpa	Rat
Brain	B3gat1	Rat
Brain	Cyp46a1	Rat
Duodenum	Leap2	Rat
Jejunum	Leap2	Rat
Liver	Leap2	Rat
Brain	Ly6h	Rat
Colon	Rac2	Rat
Ileum	Rac2	Rat
Pancreas	Ggh	Rat
Brain	Septin4	Rat
Liver	Acox2	Rat
Kidney	Ndrg1	Rat
Liver	Baat	Rat
Brain	Calb1	Rat
Kidney	Calb1	Rat
Liver	Serping1	Rat
Quadriceps	Klhl41	Rat
Esophagus	Klhl41	Rat
Ileum	Ace3	Rat
Duodenum	Ace3	Rat
Jejunum	Ace3	Rat
Colon	Hoxb13	Rat
Quadriceps	Smtnl1	Rat
Esophagus	Smtnl1	Rat
Esophagus	Tmem43	Rat
Esophagus	Fhl3	Rat
Brain	Scg5	Rat
Heart	Ehd4	Rat
Kidney	Rhpn1	Rat
Liver	Inhbe	Rat
Esophagus	Mss51	Rat
Quadriceps	Mss51	Rat
Liver	C8b	Rat
Brain	Septin3	Rat
Quadriceps	Sema7a	Rat
Brain	Sema7a	Rat
Liver	C8a	Rat
Esophagus	Tlcd3a	Rat
Brain	Arhgef9	Rat
Esophagus	Tacstd2	Rat
Liver	Mgst1	Rat
Brain	Nap1l5	Rat
Brain	Wscd1	Rat
Liver	Orm1	Rat
Liver	Orm3	Rat
Liver	Orm2	Rat
Kidney	Rgn	Rat
Liver	Rgn	Rat
Brain	Chst1	Rat
Quadriceps	Abra	Rat
Brain	Syt13	Rat
Kidney	Krt7	Rat
Kidney	Galnt11	Rat
Heart	Nppb	Rat
Brain	Syn2	Rat
Kidney	Pdzk1ip1	Rat
Brain	Slc24a2	Rat
Heart	Jph2	Rat
Quadriceps	Jph2	Rat
Heart	Nppa	Rat
Brain	Synpr	Rat
Quadriceps	Ky	Rat
Brain	Cnr1	Rat
Esophagus	Mylk2	Rat
Quadriceps	Mylk2	Rat
Kidney	Cat	Rat
Liver	Cat	Rat
Colon	Lpo	Rat
Brain	Gabbr2	Rat
Kidney	Slc22a5	Rat
Liver	Acox3	Rat
Stomach	Cdc42ep1	Rat
Esophagus	Actc1	Rat
Heart	Actc1	Rat
Esophagus	Pdlim2	Rat
Brain	Cadps	Rat
Esophagus	Barx2	Rat
Esophagus	Capn3	Rat
Quadriceps	Capn3	Rat
Liver	Angptl3	Rat
Brain	Snca	Rat
Esophagus	Vsig8	Rat
Kidney	Miox	Rat
Liver	Pipox	Rat
Brain	Nsmf	Rat
Kidney	Ass1	Rat
Liver	Ass1	Rat
Stomach	Gkn1	Rat
Kidney	Cyp4a12a	Rat
Kidney	Cyp4a12b	Rat
Liver	Pon1	Rat
Brain	Arpp21	Rat
Brain	Penk	Rat
Ileum	Hnf4g	Rat
Duodenum	Hnf4g	Rat
Jejunum	Hnf4g	Rat
Ileum	Guca2b	Rat
Duodenum	Guca2b	Rat
Jejunum	Guca2b	Rat
Kidney	Cyp2d26	Rat
Liver	Cyp2d26	Rat
Kidney	Cryl1	Rat
Esophagus	Amotl1	Rat
Quadriceps	Amotl1	Rat
Liver	Slco2a1	Rat
Esophagus	Sln	Rat
Kidney	Amn	Rat
Brain	Elmod1	Rat
Brain	Thra	Rat
Esophagus	Tnni1	Rat
Ileum	Trac	Rat
Kidney	Apcs	Rat
Liver	Apcs	Rat
Liver	Pon3	Rat
Brain	Clasp2	Rat
Brain	Rab6b	Rat
Brain	Necap1	Rat
Stomach	Gkn2	Rat
Brain	Fbxo44	Rat
Kidney	Lrpap1	Rat
Esophagus	Evpl	Rat
Brain	Ugt8a	Rat
Stomach	Fads2b	Rat
Esophagus	Fads2b	Rat
Brain	Fbxo2	Rat
Brain	Chn2	Rat
Liver	1300017J02Rik	Rat
Liver	Serpina6	Rat
Liver	Cyp7a1	Rat
Brain	Khdrbs3	Rat
Esophagus	Krt2	Rat
Brain	Pdxp	Rat
Stomach	Crct1	Rat
Esophagus	Crct1	Rat
Brain	Snph	Rat
Duodenum	Cybrd1	Rat
Jejunum	Cybrd1	Rat
Brain	Dpysl2	Rat
Brain	Scrn1	Rat
Kidney	Enpp6	Rat
Brain	Dync1i1	Rat
Ileum	Lck	Rat
Esophagus	Elovl4	Rat
Brain	Olfm1	Rat
Brain	Ppp3ca	Rat
Kidney	Clcnkb	Rat
Pancreas	Serpini2	Rat
Liver	Serpina3c	Rat
Liver	Serpina3k	Rat
Liver	Serpina3m	Rat
Ileum	Pls1	Rat
Duodenum	Pls1	Rat
Jejunum	Pls1	Rat
Kidney	Aif1l	Rat
Liver	Vtn	Rat
Quadriceps	Plpp7	Rat
Esophagus	Pkp1	Rat
Kidney	Cldn10	Rat
Kidney	Slc27a2	Rat
Liver	Slc27a2	Rat
Brain	Ndn	Rat
Kidney	Glb1	Rat
Brain	Glrb	Rat
Brain	Enpp5	Rat
Colon	Cald1	Rat
Brain	Serpini1	Rat
Brain	Cldn11	Rat
Ileum	Lcp1	Rat
Stomach	Ghrl	Rat
Brain	Rcan2	Rat
Heart	Rcan2	Rat
Brain	Syn1	Rat
Kidney	Gm6614	Rat
Pancreas	Cel	Rat
Kidney	Slc34a3	Rat
Esophagus	Cpa4	Rat
Liver	Serpina3n	Rat
Stomach	Plau	Rat
Kidney	Plau	Rat
Liver	Cyp39a1	Rat
Esophagus	Cysrt1	Rat
Brain	Rnf208	Rat
Heart	Acsl1	Rat
Liver	Acsl1	Rat
Liver	Igfbp4	Rat
Ileum	Ccr7	Rat
Brain	Nrgn	Rat
Colon	Car1	Rat
Liver	Fgl1	Rat
Pancreas	Cpa1	Rat
Brain	Gpm6a	Rat
Brain	Scg3	Rat
Brain	Spryd3	Rat
Brain	Mpped1	Rat
Kidney	4931406C07Rik	Rat
Liver	Cpb2	Rat
Liver	Slc7a2	Rat
Ileum	Laptm5	Rat
Duodenum	Papss2	Rat
Jejunum	Papss2	Rat
Brain	Ank2	Rat
Liver	Serpina11	Rat
Brain	Clstn3	Rat
Brain	Sv2b	Rat
Kidney	Acy1	Rat
Liver	Gm5096	Rat
Liver	Bhmt	Rat
Quadriceps	Atp1b2	Rat
Brain	Atp1b2	Rat
Kidney	Inmt	Rat
Liver	Masp2	Rat
Liver	Sult1c1	Rat
Brain	Lgi3	Rat
Liver	Mat1a	Rat
Stomach	Furin	Rat
Esophagus	Acsbg1	Rat
Brain	Acsbg1	Rat
Esophagus	Pitx1	Rat
Brain	Aldoc	Rat
Liver	Ppp1r3b	Rat
Liver	Angptl8	Rat
Brain	Kcnab2	Rat
Duodenum	Slc15a1	Rat
Jejunum	Slc15a1	Rat
Ileum	Slc15a1	Rat
Liver	Tdo2	Rat
Brain	Stmn2	Rat
Liver	Mbl1	Rat
Brain	Grin1	Rat
Liver	Tmem205	Rat
Brain	Ncdn	Rat
Esophagus	S100a4	Rat
Brain	Map2	Rat
Liver	Aadat	Rat
Kidney	Aadat	Rat
Kidney	Atp6v1b2	Rat
Brain	Atp6v1b2	Rat
Heart	Rrad	Rat
Stomach	Krt23	Rat
Esophagus	Krt23	Rat
Liver	Cp	Rat
Ileum	Cd79b	Rat
Brain	Snx10	Rat
Pancreas	Ins1	Rat
Brain	Prkcb	Rat
Esophagus	Col17a1	Rat
Liver	Glyat	Rat
Kidney	Glyat	Rat
Brain	Plppr2	Rat
Heart	Lpl	Rat
Liver	Lect2	Rat
Ileum	Asah2	Rat
Duodenum	Asah2	Rat
Jejunum	Asah2	Rat
Kidney	Cdh16	Rat
Kidney	Dmtn	Rat
Brain	Dmtn	Rat
Heart	Mybpc3	Rat
Liver	Keg1	Rat
Kidney	Keg1	Rat
Stomach	Npw	Rat
Liver	Thrsp	Rat
Kidney	Msra	Rat
Kidney	Cyp2e1	Rat
Liver	Cyp2e1	Rat
Heart	Ndrg4	Rat
Brain	Ndrg4	Rat
Duodenum	2310057J18Rik	Rat
Jejunum	2310057J18Rik	Rat
Liver	F13b	Rat
Brain	Syngr3	Rat
Kidney	Dpp7	Rat
Brain	Spock1	Rat
Liver	Grhpr	Rat
Kidney	Grhpr	Rat
Brain	Vps41	Rat
Liver	Akr1d1	Rat
Brain	Tusc3	Rat
Liver	Clec4f	Rat
Brain	Zcchc12	Rat
Kidney	Tex264	Rat
Ileum	Arhgap45	Rat
Kidney	Fah	Rat
Liver	Fah	Rat
Esophagus	Myl1	Rat
Quadriceps	Myl1	Rat
Duodenum	Olfm4	Rat
Jejunum	Olfm4	Rat
Ileum	Olfm4	Rat
Brain	Nrip3	Rat
Liver	Cyp2c23	Rat
Kidney	Cyp2c23	Rat
Liver	Arg1	Rat
Pancreas	2210010C04Rik	Rat
Kidney	Gclm	Rat
Kidney	Hykk	Rat
Kidney	Atp6v0a4	Rat
Liver	Cpn1	Rat
Esophagus	Crisp3	Rat
Esophagus	Crisp1	Rat
Liver	Scd1	Rat
Pancreas	Cela2a	Rat
Brain	Stmn3	Rat
Brain	Nefl	Rat
Liver	F11	Rat
Liver	C9	Rat
Kidney	Plpbp	Rat
Brain	Elavl3	Rat
Esophagus	Wfdc5	Rat
Kidney	Defb1	Rat
Duodenum	Enpp3	Rat
Jejunum	Enpp3	Rat
Kidney	Rbp1	Rat
Liver	Rbp1	Rat
Kidney	Ces2c	Rat
Esophagus	Bpifa5	Rat
Kidney	Nox4	Rat
Ileum	Rbp2	Rat
Duodenum	Rbp2	Rat
Jejunum	Rbp2	Rat
Esophagus	Defb3	Rat
Esophagus	Defb4	Rat
Kidney	Alpl	Rat
Brain	Ptpn5	Rat
Duodenum	Hsd17b2	Rat
Jejunum	Hsd17b2	Rat
Brain	Rasgrf1	Rat
Brain	Arhgef4	Rat
Brain	Mras	Rat
Kidney	Ctsh	Rat
Stomach	Krt13	Rat
Esophagus	Krt13	Rat
Stomach	Krt15	Rat
Esophagus	Krt15	Rat
Brain	Omg	Rat
Liver	Klkb1	Rat
Liver	Xylb	Rat
Kidney	Xylb	Rat
Brain	Map1a	Rat
Brain	Phactr1	Rat
Brain	Dlgap3	Rat
Brain	Lrp11	Rat
Ileum	Trbc1	Rat
Ileum	Trbc2	Rat
Ileum	Slc39a4	Rat
Duodenum	Slc39a4	Rat
Jejunum	Slc39a4	Rat
Esophagus	Csrp3	Rat
Heart	Csrp3	Rat
Duodenum	Anxa10	Rat
Jejunum	Anxa10	Rat
Stomach	Anxa10	Rat
Colon	Gne	Rat
Brain	Adgrb2	Rat
Kidney	Bdh2	Rat
Stomach	Pgc	Rat
Brain	Celf4	Rat
Kidney	Mgll	Rat
Colon	Fxyd4	Rat
Kidney	Ddah1	Rat
Brain	Zic1	Rat
Liver	Aldh7a1	Rat
Kidney	Aldh7a1	Rat
Liver	Hagh	Rat
Kidney	Hagh	Rat
Brain	Peg3	Rat
Esophagus	Myoz2	Rat
Heart	Myoz2	Rat
Kidney	Col4a4	Rat
Liver	Crem	Rat
Liver	Aldh8a1	Rat
Kidney	Aldh8a1	Rat
Kidney	Osgin1	Rat
Liver	Osgin1	Rat
Liver	Hp	Rat
Brain	Golga7b	Rat
Brain	Scg2	Rat
Liver	Igfals	Rat
Liver	F12	Rat
Esophagus	Tnnc2	Rat
Quadriceps	Tnnc2	Rat
Quadriceps	Smtnl2	Rat
Esophagus	Smtnl2	Rat
Brain	Coro2b	Rat
Kidney	Slc34a1	Rat
Liver	Aox1	Rat
Brain	Slc32a1	Rat
Colon	Pgm5	Rat
Ileum	Vil1	Rat
Duodenum	Vil1	Rat
Jejunum	Vil1	Rat
Brain	Stxbp1	Rat
Kidney	Ces1d	Rat
Liver	Ces1d	Rat
Duodenum	Tm4sf20	Rat
Jejunum	Tm4sf20	Rat
Kidney	Tmem174	Rat
Brain	Bcat1	Rat
Liver	Rbp4	Rat
Kidney	Rhcg	Rat
Brain	Pja2	Rat
Heart	Gnb3	Rat
Kidney	Ptgds	Rat
Brain	Ptgds	Rat
Kidney	Umod	Rat
Liver	Ghr	Rat
Ileum	Ccl19	Rat
Ileum	Acap1	Rat
Pancreas	Gp2	Rat
Brain	Rcn2	Rat
Kidney	Pyroxd2	Rat
Kidney	Ctsa	Rat
Duodenum	Dpep1	Rat
Jejunum	Dpep1	Rat
Ileum	Dpep1	Rat
Ileum	Cd3g	Rat
Brain	Rap1gds1	Rat
Brain	Gprc5b	Rat
Brain	Aqp4	Rat
Ileum	Cd3e	Rat
Kidney	Kyat1	Rat
Brain	P3h3	Rat
Esophagus	Ankrd23	Rat
Quadriceps	Ankrd23	Rat
Esophagus	Gm42417	Rat
Quadriceps	Gm42417	Rat
Brain	Nptxr	Rat
Brain	Slc1a3	Rat
Liver	Cyp1a2	Rat
Brain	Dlgap1	Rat
Quadriceps	Agl	Rat
Esophagus	Casq2	Rat
Heart	Casq2	Rat
Kidney	Slc6a18	Rat
Brain	Podxl2	Rat
Brain	Ttr	Rat
Liver	Ttr	Rat
Brain	Tcea2	Rat
Liver	F2	Rat
Brain	Cx3cl1	Rat
Liver	Uox	Rat
Liver	Tat	Rat
Brain	Apba2	Rat
Heart	Ppp1r14c	Rat
Brain	Gabrd	Rat
Brain	Clstn1	Rat
Brain	Slc22a17	Rat
Brain	Mbp	Rat
Brain	Enc1	Rat
Liver	Hhex	Rat
Quadriceps	Rtn2	Rat
Esophagus	Tmem52	Rat
Quadriceps	Tmem52	Rat
Kidney	Slc22a2	Rat
Brain	Dner	Rat
Liver	Gulo	Rat
Brain	Ngef	Rat
Liver	Habp2	Rat
Liver	Phyhd1	Rat
Kidney	Phyhd1	Rat
Brain	Stmn1	Rat
Liver	Slc38a3	Rat
Brain	Cmtm5	Rat
Esophagus	Ide	Rat
Heart	Pla2g5	Rat
Esophagus	Dsg1c	Rat
Esophagus	Dsg1a	Rat
Esophagus	Dsg1b	Rat
Brain	Pnmal2	Rat
Heart	Fhl2	Rat
Esophagus	Tppp3	Rat
Liver	Qprt	Rat
Kidney	Qprt	Rat
Heart	Myh7	Rat
Brain	Pianp	Rat
Heart	Ryr2	Rat
Ileum	Fcna	Rat
Kidney	Slc16a14	Rat
Brain	Pgm2l1	Rat
Colon	Hsd11b2	Rat
Kidney	Hsd11b2	Rat
Brain	Syngr1	Rat
Kidney	4833439L19Rik	Rat
Brain	Fam131b	Rat
Esophagus	Dsc3	Rat
Liver	Cyp27a1	Rat
Brain	Lingo1	Rat
Brain	Tubb3	Rat
Liver	Plg	Rat
Brain	Ppme1	Rat
Liver	Sord	Rat
Kidney	Sord	Rat
Brain	Sh3glb2	Rat
Kidney	Pter	Rat
Brain	Syt4	Rat
Brain	Itm2c	Rat
Liver	Itih4	Rat
Kidney	Ppic	Rat
Brain	Map1b	Rat
Ileum	Lat	Rat
Brain	6430548M08Rik	Rat
Brain	Nrsn1	Rat
Brain	Cnp	Rat
Heart	Mylk3	Rat
Brain	Tubb2a	Rat
Brain	Rit2	Rat
Liver	Fbp1	Rat
Kidney	Fbp1	Rat
Liver	Srd5a1	Rat
Pancreas	P2rx1	Rat
Esophagus	Mylpf	Rat
Quadriceps	Mylpf	Rat
Brain	Brsk1	Rat
Brain	Itih3	Rat
Liver	Itih3	Rat
Brain	Abi2	Rat
Ileum	Mxd1	Rat
Duodenum	Mxd1	Rat
Jejunum	Mxd1	Rat
Pancreas	Pnlip	Rat
Ileum	Nudt5	Rat
Duodenum	Nudt5	Rat
Jejunum	Nudt5	Rat
Kidney	Car12	Rat
Ileum	Slc5a1	Rat
Duodenum	Slc5a1	Rat
Jejunum	Slc5a1	Rat
Kidney	Akr7a5	Rat
Esophagus	Acta1	Rat
Quadriceps	Acta1	Rat
Liver	Agxt2	Rat
Kidney	Agxt2	Rat
Ileum	Cd53	Rat
Kidney	Acy3	Rat
Pancreas	Pnliprp1	Rat
Ileum	Cdhr2	Rat
Duodenum	Cdhr2	Rat
Jejunum	Cdhr2	Rat
Brain	Chn1	Rat
Ileum	Optn	Rat
Duodenum	Optn	Rat
Jejunum	Optn	Rat
Heart	Nudt8	Rat
Heart	Gm49405	Rat
Pancreas	Pnliprp2	Rat
Brain	Apbb1	Rat
Kidney	Ddx19a	Rat
Brain	Sncb	Rat
Liver	Slc22a8	Rat
Kidney	Slc22a8	Rat
Brain	Slc12a5	Rat
Kidney	Slc16a4	Rat
Quadriceps	Prkab2	Rat
Kidney	Lamtor5	Rat
Brain	Gad2	Rat
Kidney	Slc22a6	Rat
Brain	Syt5	Rat
Stomach	Cym	Rat
Heart	Tnni3	Rat
Liver	Hpx	Rat
Liver	Gstp3	Rat
Brain	Aak1	Rat
Brain	Caly	Rat
Brain	Pld3	Rat
Brain	Cpne6	Rat
Liver	Apoc2	Rat
Liver	Gm44805	Rat
Liver	Apoc4	Rat
Liver	Apoa5	Rat
Brain	Ggt7	Rat
Brain	Agt	Rat
Liver	Agt	Rat
Ileum	Prap1	Rat
Duodenum	Prap1	Rat
Jejunum	Prap1	Rat
Esophagus	Rabep2	Rat
Quadriceps	Rabep2	Rat
Stomach	Gpr155	Rat
Quadriceps	Ppp1r3c	Rat
Heart	Cidea	Rat
Brain	Dlg4	Rat
Stomach	Atp4b	Rat
Brain	Retreg2	Rat
Heart	Ankrd1	Rat
Brain	Plekhb1	Rat
Esophagus	Ampd1	Rat
Quadriceps	Ampd1	Rat
Kidney	Amacr	Rat
Liver	Amacr	Rat
Stomach	Rptn	Rat
Esophagus	Rptn	Rat
Liver	Asgr1	Rat
Brain	Mobp	Rat
Brain	Camk2a	Rat
Brain	Jph3	Rat
Brain	Bcan	Rat
Stomach	Slc5a5	Rat
Brain	Ntrk2	Rat
Brain	Ttc9b	Rat
Liver	Hc	Rat
Heart	Tnnc1	Rat
Kidney	Sema3g	Rat
Stomach	Mt4	Rat
Esophagus	Mt4	Rat
Ileum	Reg4	Rat
Duodenum	Reg4	Rat
Jejunum	Reg4	Rat
Pancreas	Ctrb1	Rat
Stomach	Hsd17b3	Rat
Kidney	Slc13a3	Rat
Colon	Hmgcs2	Rat
Liver	Hmgcs2	Rat
Brain	Stx1b	Rat
Brain	Shank1	Rat
Brain	Vamp1	Rat
Brain	Cck	Rat
Liver	Sult1a1	Rat
Pancreas	Psmb10	Rat
Kidney	Pcx	Rat
Liver	Pcx	Rat
Kidney	Aspdh	Rat
Liver	Aspdh	Rat
Ileum	Coro1a	Rat
Esophagus	Lypd5	Rat
Brain	Rab3a	Rat
Brain	Psd	Rat
Colon	Smtn	Rat
Liver	Hao2	Rat
Kidney	Hao2	Rat
Liver	Cyp8b1	Rat
Brain	Gnao1	Rat
Duodenum	Tm4sf5	Rat
Jejunum	Tm4sf5	Rat
Duodenum	Slc11a2	Rat
Jejunum	Slc11a2	Rat
Brain	Gng3	Rat
Liver	Lcat	Rat
Brain	Ptprn	Rat
Liver	Slc27a5	Rat
Esophagus	Mybpc2	Rat
Quadriceps	Mybpc2	Rat
Kidney	Pgpep1	Rat
Kidney	Aspa	Rat
Liver	Mst1	Rat
Liver	Proz	Rat
Esophagus	Actn3	Rat
Quadriceps	Actn3	Rat
Duodenum	Ncoa4	Rat
Jejunum	Ncoa4	Rat
Esophagus	Sypl2	Rat
Quadriceps	Sypl2	Rat
Kidney	Napsa	Rat
Esophagus	Pinlyp	Rat
Pancreas	Sycn	Rat
Kidney	Folr1	Rat
Esophagus	Thop1	Rat
Brain	Kcnc3	Rat
Colon	Tgfb1i1	Rat
Esophagus	Lypd3	Rat
Kidney	Slc5a2	Rat
Liver	Atf5	Rat
Esophagus	Tgm1	Rat
Colon	Scgb1a1	Rat
Brain	Asrgl1	Rat
Kidney	Asrgl1	Rat
Brain	Cnih2	Rat
Brain	Ina	Rat
Esophagus	Art1	Rat
Quadriceps	Art1	Rat
Brain	Atp1a3	Rat
Esophagus	Tnni2	Rat
Quadriceps	Tnni2	Rat
Brain	Cntnap1	Rat
Brain	Syt11	Rat
Brain	Klc2	Rat
Esophagus	Tnnt3	Rat
Quadriceps	Tnnt3	Rat
Stomach	Lgals7	Rat
Esophagus	Lgals7	Rat
Pancreas	Ins2	Rat
Stomach	Tmed6	Rat
Pancreas	Tmed6	Rat
Brain	Atcay	Rat
Brain	Matk	Rat
Liver	Fads2	Rat
Stomach	Cnfn	Rat
Esophagus	Cnfn	Rat
Colon	Slc50a1	Rat
Esophagus	Ryr1	Rat
Quadriceps	Ryr1	Rat
Brain	Pip5k1c	Rat
Brain	Nsg2	Rat
Brain	Slc17a7	Rat
Colon	Atp12a	Rat
Brain	Icam5	Rat
Brain	Rnd2	Rat
Ileum	Cd37	Rat
Brain	Lin7b	Rat
Heart	Nkx2-5	Rat
Liver	Cyp2a22	Rat
Liver	Cyp2a12	Rat
Brain	Cspg5	Rat
Brain	Aplp1	Rat
Ileum	Ms4a10	Rat
Duodenum	Ms4a10	Rat
Jejunum	Ms4a10	Rat
Kidney	Pth1r	Rat
Esophagus	Hsd17b14	Rat
Esophagus	Myl3	Rat
Heart	Myl3	Rat
Brain	Rundc3a	Rat
Stomach	Atp4a	Rat
Kidney	Oosp1	Rat
Duodenum	Naaladl1	Rat
Jejunum	Naaladl1	Rat
Ileum	Naaladl1	Rat
Stomach	Cblif	Rat
Stomach	Sbsn	Rat
Esophagus	Sbsn	Rat
Brain	Car11	Rat
Brain	Mag	Rat
Liver	Hamp	Rat
Esophagus	Tmod4	Rat
Quadriceps	Tmod4	Rat
Kidney	Hpn	Rat
Liver	Hpn	Rat
Brain	Nrxn2	Rat
Kidney	Slc22a12	Rat
Esophagus	Anxa9	Rat
Esophagus	Ecm1	Rat
Brain	Sv2a	Rat
Brain	Rtn3	Rat
Brain	Prnp	Rat
Brain	Chgb	Rat
Liver	Timd2	Rat
Liver	Cyp2c29	Rat
Liver	Cyp2c38	Rat
Liver	Cyp2c39	Rat
Brain	Negr1	Rat
Brain	Ermn	Rat
Stomach	Cela3a	Rat
Pancreas	Cela3a	Rat
Stomach	Cela3b	Rat
Pancreas	Cela3b	Rat
Brain	Vxn	Rat
Ileum	Ptprcap	Rat
Colon	Ffar4	Rat
Esophagus	Trim29	Rat
Kidney	Slc16a12	Rat
Liver	Cyp2c70	Rat
Esophagus	Crabp2	Rat
Esophagus	Alox12b	Rat
Brain	Fbxl16	Rat
Esophagus	Klk9	Rat
Esophagus	Klk13	Rat
Brain	Opalin	Rat
Ileum	2010106E10Rik	Rat
Duodenum	2010106E10Rik	Rat
Jejunum	2010106E10Rik	Rat
Brain	Tmem59l	Rat
Kidney	Atp6v1g3	Rat
Ileum	Ceacam18	Rat
Duodenum	Ceacam18	Rat
Jejunum	Ceacam18	Rat
Esophagus	Vsig10l	Rat
Esophagus	Hspb1	Rat
Kidney	Dhtkd1	Rat
Liver	Dhtkd1	Rat
Kidney	Dmgdh	Rat
Liver	Dmgdh	Rat
Brain	Snap91	Rat
Esophagus	Lce1a1	Rat
Esophagus	Lce1b	Rat
Brain	Nrsn2	Rat
Brain	Kif1a	Rat
Stomach	Sprr1a	Rat
Esophagus	Sprr1a	Rat
Stomach	Sprr3	Rat
Esophagus	Sprr3	Rat
Quadriceps	Phkb	Rat
Esophagus	Scel	Rat
Brain	Cadm4	Rat
Colon	Plet1	Rat
Brain	Cbarp	Rat
Liver	Cpn2	Rat
Kidney	Mro	Rat
Liver	Gamt	Rat
Ileum	Igsf23	Rat
Duodenum	Igsf23	Rat
Jejunum	Igsf23	Rat
Stomach	Mfsd4a	Rat
Liver	Rarres2	Rat
Liver	Fga	Rat
Kidney	Slc7a13	Rat
Brain	Nnat	Rat
Duodenum	Fabp2	Rat
Jejunum	Fabp2	Rat
Ileum	Fabp2	Rat
Esophagus	Teddm3	Rat
Liver	Fgg	Rat
Brain	Tmem130	Rat
Ileum	Limd2	Rat
Brain	AI593442	Rat
Colon	Sval1	Rat
Brain	Agap2	Rat
Kidney	Gm4756	Rat
Liver	Gm4756	Rat
Heart	Myh6	Rat
Esophagus	Krt80	Rat
Ileum	Plb1	Rat
Esophagus	Ly6d	Rat
Kidney	Tnfaip8	Rat
Pancreas	Rbpjl	Rat
Brain	Disp2	Rat
Brain	Pgbd5	Rat
Heart	Nnt	Rat
Stomach	Clic6	Rat
Duodenum	Slc23a4	Rat
Jejunum	Slc23a4	Rat
Ileum	Slc23a4	Rat
Brain	Sez6l2	Rat
Heart	Fhod3	Rat
Esophagus	Cldn17	Rat
Colon	Cnn1	Rat
Pancreas	Slc38a5	Rat
Esophagus	Eps8l1	Rat
Pancreas	Cpa2	Rat
Heart	Tnni3k	Rat
Brain	Tppp	Rat
Kidney	Cryz	Rat
Liver	Etnk2	Rat
Ileum	Ccl25	Rat
Duodenum	Ccl25	Rat
Jejunum	Ccl25	Rat
Liver	Ccl9	Rat
Liver	Ccl6	Rat
Liver	Pck1	Rat
Kidney	Pck1	Rat
Brain	Olig1	Rat
Liver	C8g	Rat
Ileum	Dgat1	Rat
Duodenum	Dgat1	Rat
Jejunum	Dgat1	Rat
Brain	Prkar1b	Rat
Ileum	Tubal3	Rat
Duodenum	Tubal3	Rat
Jejunum	Tubal3	Rat
Liver	Abcc6	Rat
Esophagus	Kprp	Rat
Duodenum	Slc51b	Rat
Jejunum	Slc51b	Rat
Ileum	Slc51b	Rat
Esophagus	Cyp2t4	Rat
Kidney	Dab2	Rat
Heart	Myl10	Rat
Stomach	Krt1	Rat
Liver	Cyp2d11	Rat
Liver	Cyp2d10	Rat
Liver	Cyp2d9	Rat
Liver	Cyp2d12	Rat
Liver	Cyp2d34	Rat
Brain	Stx1a	Rat
Kidney	Car5b	Rat
Brain	Prrt2	Rat
Brain	Abhd3	Rat
Esophagus	Grhl3	Rat
Brain	Klhl2	Rat
Brain	Adgrb1	Rat
Duodenum	AY761185	Rat
Jejunum	AY761185	Rat
Ileum	AY761185	Rat
Duodenum	Defa21	Rat
Jejunum	Defa21	Rat
Ileum	Defa21	Rat
Duodenum	Defa23	Rat
Jejunum	Defa23	Rat
Ileum	Defa23	Rat
Duodenum	Defa35	Rat
Jejunum	Defa35	Rat
Ileum	Defa35	Rat
Duodenum	Defa25	Rat
Jejunum	Defa25	Rat
Ileum	Defa25	Rat
Duodenum	Defa38	Rat
Jejunum	Defa38	Rat
Ileum	Defa38	Rat
Duodenum	Defa30	Rat
Jejunum	Defa30	Rat
Ileum	Defa30	Rat
Duodenum	Defa22	Rat
Jejunum	Defa22	Rat
Ileum	Defa22	Rat
Duodenum	Defa31	Rat
Jejunum	Defa31	Rat
Ileum	Defa31	Rat
Duodenum	Defa41	Rat
Jejunum	Defa41	Rat
Ileum	Defa41	Rat
Duodenum	Defa40	Rat
Jejunum	Defa40	Rat
Ileum	Defa40	Rat
Duodenum	Defa3	Rat
Jejunum	Defa3	Rat
Ileum	Defa3	Rat
Duodenum	Defa5	Rat
Jejunum	Defa5	Rat
Ileum	Defa5	Rat
Duodenum	Defa27	Rat
Jejunum	Defa27	Rat
Ileum	Defa27	Rat
Duodenum	Defa29	Rat
Jejunum	Defa29	Rat
Ileum	Defa29	Rat
Duodenum	Defa2	Rat
Jejunum	Defa2	Rat
Ileum	Defa2	Rat
Duodenum	Defa33	Rat
Jejunum	Defa33	Rat
Ileum	Defa33	Rat
Duodenum	Defa36	Rat
Jejunum	Defa36	Rat
Ileum	Defa36	Rat
Duodenum	Defa42	Rat
Jejunum	Defa42	Rat
Ileum	Defa42	Rat
Duodenum	Defa20	Rat
Jejunum	Defa20	Rat
Ileum	Defa20	Rat
Duodenum	Defa32	Rat
Jejunum	Defa32	Rat
Ileum	Defa32	Rat
Duodenum	Defa37	Rat
Jejunum	Defa37	Rat
Ileum	Defa37	Rat
Duodenum	Defa28	Rat
Jejunum	Defa28	Rat
Ileum	Defa28	Rat
Duodenum	Defa43	Rat
Jejunum	Defa43	Rat
Ileum	Defa43	Rat
Duodenum	Defa26	Rat
Jejunum	Defa26	Rat
Ileum	Defa26	Rat
Duodenum	Defa17	Rat
Jejunum	Defa17	Rat
Ileum	Defa17	Rat
Duodenum	Defa34	Rat
Jejunum	Defa34	Rat
Ileum	Defa34	Rat
Duodenum	Defa39	Rat
Jejunum	Defa39	Rat
Ileum	Defa39	Rat
Duodenum	Defa24	Rat
Jejunum	Defa24	Rat
Ileum	Defa24	Rat
Liver	Hoga1	Rat
Kidney	Hoga1	Rat
Stomach	Slc26a9	Rat
Brain	Clec2l	Rat
Liver	Gstm1	Rat
Brain	Diras1	Rat
Brain	Pak1	Rat
Stomach	Kcne2	Rat
Duodenum	Clca4b	Rat
Jejunum	Clca4b	Rat
Ileum	Clca4b	Rat
Duodenum	Clca4a	Rat
Jejunum	Clca4a	Rat
Ileum	Clca4a	Rat
Brain	Spock3	Rat
Esophagus	Gm49601	Rat
Brain	Gm49601	Rat
Esophagus	Septin5	Rat
Brain	Septin5	Rat
Pancreas	Cuzd1	Rat
Kidney	Kynu	Rat
Liver	Kynu	Rat
Ileum	Alpi	Rat
Duodenum	Alpi	Rat
Jejunum	Alpi	Rat
Stomach	Krt10	Rat
Brain	Atp2b2	Rat
Esophagus	Klk10	Rat
Stomach	Cldn18	Rat
Liver	Kng2	Rat
Liver	Kng1	Rat
Liver	Slco1b2	Rat
Brain	Dpp6	Rat
Brain	Srprb	Rat
Liver	Srprb	Rat
Brain	Trf	Rat
Liver	Trf	Rat
Esophagus	2300002M23Rik	Rat
Liver	Cfhr4	Rat
Liver	Cfhr2	Rat
Liver	Cfh	Rat
Liver	Asgr2	Rat
Heart	Myl2	Rat
Kidney	Slco1a6	Rat
Pancreas	Cpb1	Rat
Ileum	Sis	Rat
Duodenum	Sis	Rat
Jejunum	Sis	Rat
Liver	Haao	Rat
Kidney	Haao	Rat
Ileum	Ace2	Rat
Duodenum	Ace2	Rat
Jejunum	Ace2	Rat
Brain	Rasgef1a	Rat
Brain	Ncam1	Rat
Esophagus	Calml3	Rat
Kidney	Rab11fip3	Rat
Colon	Retnlb	Rat
Kidney	Acsm3	Rat
Esophagus	Krt4	Rat
Brain	Kcnip4	Rat
Liver	Tymp	Rat
Liver	Serpina1b	Rat
Liver	Serpina1d	Rat
Liver	Serpina1a	Rat
Liver	Serpina1c	Rat
Liver	Serpina1e	Rat
Brain	Ttyh1	Rat
Brain	Bex2	Rat
Liver	Slc17a3	Rat
Kidney	Slc17a3	Rat
Esophagus	Cyp2f2	Rat
Brain	Mapk8ip2	Rat
Brain	Mlc1	Rat
Liver	Cyp4f15	Rat
Brain	Dclk1	Rat
Esophagus	Jsrp1	Rat
Quadriceps	Jsrp1	Rat
Stomach	Adh7	Rat
Esophagus	Adh7	Rat
Esophagus	Myom3	Rat
Liver	Akr1c13	Rat
Liver	Akr1c12	Rat
Brain	Edil3	Rat
Esophagus	Sfn	Rat
Stomach	Chia1	Rat
Liver	Cyp2b13	Rat
Liver	Cyp2b9	Rat
Brain	Fam107a	Rat
Liver	Itih1	Rat
Liver	F10	Rat
Liver	Apon	Rat
Stomach	Vsig2	Rat
Esophagus	Lce1c	Rat
Ileum	Cfd	Rat
Pancreas	Cfd	Rat
Brain	Mapk8ip3	Rat
Esophagus	Klk14	Rat
Heart	Tnnt2	Rat
Brain	Dnm1	Rat
Stomach	Stfa3	Rat
Esophagus	Stfa3	Rat
Esophagus	Klk12	Rat
Brain	Ube2ql1	Rat
Kidney	Ggct	Rat
Liver	Fmo1	Rat
Kidney	Fmo1	Rat
Duodenum	Ces2c	Rat
Jejunum	Ces2c	Rat
Duodenum	Ifit1bl1	Rat
Jejunum	Ifit1bl1	Rat
Ileum	Ifit1bl1	Rat
Duodenum	Ifit1bl2	Rat
Jejunum	Ifit1bl2	Rat
Ileum	Ifit1bl2	Rat
Liver	Gm4952	Rat
Ileum	2010003K11Rik	Rat
Duodenum	2010003K11Rik	Rat
Jejunum	2010003K11Rik	Rat
Ileum	Sectm1b	Rat
Duodenum	Sectm1b	Rat
Jejunum	Sectm1b	Rat
Esophagus	Ppp1r27	Rat
Quadriceps	Ppp1r27	Rat
Liver	Gcgr	Rat
Brain	Atp6v0a1	Rat
Ileum	Glycam1	Rat
Brain	Pde1b	Rat
Duodenum	Sult6b2	Rat
Jejunum	Sult6b2	Rat
Kidney	Slco1a1	Rat
Liver	Slco1a1	Rat
Liver	Rtp3	Rat
Heart	Spink8	Rat
Liver	Pxmp2	Rat
Quadriceps	Tceal7	Rat
Brain	Gprasp2	Rat
Ileum	Slc10a2	Rat
Brain	Cdk5r2	Rat
Stomach	Cxcl17	Rat
Brain	Sfxn5	Rat
Brain	Serp2	Rat
Kidney	Upb1	Rat
Liver	Upb1	Rat
Kidney	Akr1cl	Rat
Liver	Ahsg	Rat
Esophagus	Gm4847	Rat
Esophagus	Sbk2	Rat
Kidney	Cdkl1	Rat
Ileum	Gimap7	Rat
Quadriceps	Lsmem1	Rat
Stomach	Gm94	Rat
Esophagus	Gm94	Rat
Liver	Aass	Rat
Kidney	Aass	Rat
Brain	Fam219a	Rat
Kidney	Pm20d1	Rat
Heart	Lbh	Rat
Colon	Abo	Rat
Stomach	Gm49392	Rat
Stomach	Gm49391	Rat
Stomach	Ctla2b	Rat
Stomach	Ctla2a	Rat
Kidney	Bhmt2	Rat
Liver	Bhmt2	Rat
Esophagus	Myoz1	Rat
Quadriceps	Myoz1	Rat
Esophagus	Mir675	Rat
Quadriceps	Mir675	Rat
Liver	Acsm1	Rat
Kidney	Acsm1	Rat
Kidney	Sult1c2	Rat
Stomach	Mucl3	Rat
Liver	Pglyrp2	Rat
Esophagus	Serpina9	Rat
Quadriceps	Acyp2	Rat
Liver	Gm45753	Rat
Liver	Cyp4v3	Rat
Liver	Cfhr1	Rat
Brain	Ncald	Rat
Brain	Cpe	Rat
Liver	Uroc1	Rat
Liver	Kyat3	Rat
Esophagus	Them5	Rat
Kidney	Spp1	Rat
Brain	Rnf14	Rat
Kidney	Ak4	Rat
Liver	Pate12	Rat
Liver	Pate11	Rat
Brain	Gria1	Rat
Brain	Impact	Rat
Brain	Scd2	Rat
Colon	Mptx2	Rat
Colon	Mptx1	Rat
Esophagus	Cacna1s	Rat
Quadriceps	Cacna1s	Rat
Liver	Glyctk	Rat
Kidney	Glyctk	Rat
Duodenum	Pdx1	Rat
Jejunum	Pdx1	Rat
Liver	Ugt2b5	Rat
Liver	Ugt2b37	Rat
Liver	Ugt2b38	Rat
Esophagus	Slpi	Rat
Liver	Abcc2	Rat
Esophagus	Tmprss11a	Rat
Liver	C3	Rat
Brain	Ak5	Rat
Brain	Cbx6	Rat
Brain	Sult4a1	Rat
Colon	St6galnac6	Rat
Kidney	Aldh1l1	Rat
Liver	Aldh1l1	Rat
Esophagus	Atp2a1	Rat
Quadriceps	Atp2a1	Rat
Brain	Ptprs	Rat
Brain	Wasf1	Rat
Liver	Apoc3	Rat
Brain	Tubb4a	Rat
Liver	Mup9	Rat
Liver	Mup1	Rat
Liver	Mup10	Rat
Liver	Mup11	Rat
Liver	Mup12	Rat
Liver	Mup22	Rat
Liver	Mup13	Rat
Liver	Mup14	Rat
Liver	Mup15	Rat
Liver	Mup16	Rat
Liver	Mup17	Rat
Liver	Mup18	Rat
Liver	Mup19	Rat
Liver	Mup5	Rat
Liver	Mup20	Rat
Liver	Mup3	Rat
Liver	Mup21	Rat
Liver	Mup4	Rat
Liver	Mup6	Rat
Liver	Mup7	Rat
Liver	Mup2	Rat
Liver	Mup8	Rat
Kidney	Ggt1	Rat
Liver	Gstz1	Rat
Brain	Gnb5	Rat
Liver	Sult2a2	Rat
Liver	Sult2a1	Rat
Liver	Sult2a4	Rat
Liver	Sult2a3	Rat
Liver	Sult2a6	Rat
Liver	Sult2a7	Rat
Liver	Sult2a5	Rat
Heart	Tuba8	Rat
Quadriceps	Tuba8	Rat
Brain	Apod	Rat
Liver	Urah	Rat
Esophagus	Psors1c2	Rat
Brain	Zwint	Rat
Liver	Pros1	Rat
Ileum	Ces2e	Rat
Duodenum	Ces2e	Rat
Jejunum	Ces2e	Rat
Liver	Gckr	Rat
Brain	Wasf3	Rat
Brain	Ntsr2	Rat
Quadriceps	Ak1	Rat
Brain	Rnf187	Rat
Ileum	Marco	Rat
Ileum	Mep1b	Rat
Duodenum	Mep1b	Rat
Jejunum	Mep1b	Rat
Brain	Tafa5	Rat
Brain	Nat8l	Rat
Esophagus	Gas7	Rat
Brain	Gas7	Rat
Liver	Cyp2c67	Rat
Liver	Cyp2c68	Rat
Liver	Cyp2c40	Rat
Liver	Cyp2c69	Rat
Brain	Atp9a	Rat
Brain	Reep2	Rat
Kidney	Rab29	Rat
Esophagus	Myh1	Rat
Quadriceps	Myh1	Rat
Brain	Hapln4	Rat
Ileum	Npc1l1	Rat
Duodenum	Npc1l1	Rat
Jejunum	Npc1l1	Rat
Brain	Gprasp1	Rat
Brain	Slc6a17	Rat
Kidney	Afmid	Rat
Liver	Afmid	Rat
Esophagus	Cdsn	Rat
Brain	Nrxn1	Rat
Liver	Urad	Rat
Stomach	Gm5478	Rat
Esophagus	Gm5478	Rat
Stomach	Krt5	Rat
Esophagus	Krt5	Rat
Kidney	Fbln5	Rat
Brain	Nrn1	Rat
Liver	Abcb11	Rat
Brain	Hpcal4	Rat
Stomach	Tmem45a2	Rat
Esophagus	Tmem45a2	Rat
Duodenum	Treh	Rat
Jejunum	Treh	Rat
Brain	Camk2b	Rat
Brain	Ppp1r9b	Rat
Ileum	Clec2h	Rat
Duodenum	Clec2h	Rat
Jejunum	Clec2h	Rat
Ileum	Clec2e	Rat
Duodenum	Clec2e	Rat
Jejunum	Clec2e	Rat
Brain	Shank3	Rat
Brain	Bend6	Rat
Brain	Cyria	Rat
Brain	Dnajc6	Rat
Liver	Spp2	Rat
Kidney	Spp2	Rat
Brain	Stmn4	Rat
Liver	Cfi	Rat
Quadriceps	Tmem233	Rat
Brain	Scamp5	Rat
Kidney	Cgnl1	Rat
Esophagus	Sim2	Rat
Brain	Gria2	Rat
Stomach	Vsig1	Rat
Brain	Prkcg	Rat
Kidney	Aqp2	Rat
Brain	Snrpn	Rat
Liver	Pemt	Rat
Esophagus	Nccrp1	Rat
Brain	Pacsin1	Rat
Pancreas	Arf3	Rat
Kidney	Dao	Rat
Esophagus	Fam25c	Rat
Kidney	Pecr	Rat
Liver	Pecr	Rat
Pancreas	Gcat	Rat
Liver	Hps5	Rat
Stomach	Dmkn	Rat
Esophagus	Dmkn	Rat
Brain	Zcchc18	Rat
Stomach	Muc5ac	Rat
Kidney	Lrp2	Rat
Brain	Cacng7	Rat
Esophagus	Dsc1	Rat
Esophagus	Mybpc1	Rat
Quadriceps	Mybpc1	Rat
Liver	Acnat2	Rat
Liver	Acnat1	Rat
Brain	Abr	Rat
Kidney	Arhgap24	Rat
Esophagus	Trex2	Rat
Kidney	Slc12a3	Rat
Brain	Gnai1	Rat
Stomach	Pla1a	Rat
Brain	Scn3b	Rat
Kidney	Slc47a1	Rat
Liver	Prodh2	Rat
Kidney	Prodh2	Rat
Heart	Myzap	Rat
Liver	Nsdhl	Rat
Colon	Myh11	Rat
Brain	Phactr3	Rat
Kidney	Tinag	Rat
Kidney	Errfi1	Rat
Liver	Errfi1	Rat
Brain	Ppp2r2c	Rat
Brain	Mapk8ip1	Rat
Brain	Tyro3	Rat
Duodenum	Akp3	Rat
Jejunum	Akp3	Rat
Kidney	Tmem52b	Rat
Heart	Popdc2	Rat
Brain	Sptbn2	Rat
Brain	Camkv	Rat
Kidney	Kcnj1	Rat
Brain	Adcy1	Rat
Liver	Bbox1	Rat
Brain	Ddn	Rat
Brain	Syp	Rat
Stomach	Krt78	Rat
Esophagus	Krt78	Rat
Brain	6330403K07Rik	Rat
Brain	Kifc2	Rat
Ileum	Ighv13-2	Rat
Liver	Lipc	Rat
Kidney	Iah1	Rat
Quadriceps	Kcnc4	Rat
Kidney	Tmem150a	Rat
Liver	Tmem150a	Rat
Liver	Dio1	Rat
Kidney	Dio1	Rat
Stomach	Psca	Rat
Brain	Spock2	Rat
Liver	Tas1r2	Rat
Kidney	Tas1r2	Rat
Liver	Aqp9	Rat
Liver	Slc22a27	Rat
Liver	Slc22a28	Rat
Liver	Slc22a29	Rat
Liver	Slc22a30	Rat
Quadriceps	H19	Mouse
Esophagus	H19	Mouse
Liver	Apoh	Mouse
Kidney	Slc22a18	Mouse
Pancreas	Ins2	Mouse
Liver	Pemt	Mouse
Brain	Sez6	Mouse
Kidney	Haao	Mouse
Liver	Haao	Mouse
Stomach	Slc5a5	Mouse
Quadriceps	Scn4a	Mouse
Liver	Ftcd	Mouse
Colon	Slc26a3	Mouse
Liver	Hpn	Mouse
Kidney	Hpn	Mouse
Esophagus	Rarg	Mouse
Brain	Rnd2	Mouse
Heart	Fndc5	Mouse
Esophagus	Pax9	Mouse
Quadriceps	Tcea3	Mouse
Kidney	Ddt	Mouse
Liver	Ddt	Mouse
Liver	Tat	Mouse
Kidney	Folh1	Mouse
Kidney	Folr1	Mouse
Stomach	Vsig2	Mouse
Heart	Mybpc3	Mouse
Liver	Nr1h3	Mouse
Kidney	Napsa	Mouse
Brain	Peg3	Mouse
Liver	Pon1	Mouse
Liver	Gnmt	Mouse
Liver	Apoc2	Mouse
Duodenum	Apoc2	Mouse
Jejunum	Apoc2	Mouse
Liver	Cyp2c29	Mouse
Brain	Car11	Mouse
Brain	Dlgap1	Mouse
Pancreas	Fkbp11	Mouse
Stomach	Pld3	Mouse
Brain	Pld3	Mouse
Brain	Elavl3	Mouse
Brain	Phyhip	Mouse
Kidney	Inmt	Mouse
Liver	Inmt	Mouse
Liver	Sec14l2	Mouse
Liver	Cp	Mouse
Brain	Calb2	Mouse
Liver	Insig2	Mouse
Kidney	Gcdh	Mouse
Liver	Gcdh	Mouse
Stomach	Nqo1	Mouse
Duodenum	Gstm3	Mouse
Jejunum	Gstm3	Mouse
Brain	Kifc2	Mouse
Brain	Eno2	Mouse
Brain	Sst	Mouse
Stomach	Sst	Mouse
Stomach	Ctse	Mouse
Brain	Pcp2	Mouse
Pancreas	Tmed11	Mouse
Esophagus	Crabp2	Mouse
Brain	Bcan	Mouse
Esophagus	Thop1	Mouse
Brain	Matk	Mouse
Quadriceps	Nmrk2	Mouse
Brain	Syt5	Mouse
Brain	Prkacb	Mouse
Brain	Slc1a2	Mouse
Kidney	Ndrg1	Mouse
Brain	Cadm3	Mouse
Brain	Slc1a3	Mouse
Stomach	Atp4a	Mouse
Quadriceps	Tmod4	Mouse
Liver	Apoa2	Mouse
Quadriceps	Pvalb	Mouse
Duodenum	Dnase1	Mouse
Jejunum	Dnase1	Mouse
Kidney	Dnase1	Mouse
Esophagus	Eps8l1	Mouse
Kidney	Clcnkb	Mouse
Heart	Hspb7	Mouse
Esophagus	Crip2	Mouse
Heart	Crip2	Mouse
Liver	Pgrmc1	Mouse
Esophagus	Nectin4	Mouse
Esophagus	Actn3	Mouse
Quadriceps	Actn3	Mouse
Kidney	Slc34a3	Mouse
Brain	Nsmf	Mouse
Liver	Itih3	Mouse
Liver	Itih1	Mouse
Quadriceps	Prkag3	Mouse
Brain	Rundc3a	Mouse
Brain	Aplp1	Mouse
Stomach	Krt23	Mouse
Esophagus	Krt23	Mouse
Brain	Cnp	Mouse
Brain	Hap1	Mouse
Brain	Syngr3	Mouse
Esophagus	Casq1	Mouse
Quadriceps	Casq1	Mouse
Brain	Stx1a	Mouse
Pancreas	Crlf1	Mouse
Brain	Abhd8	Mouse
Heart	Fhl2	Mouse
Brain	Clstn3	Mouse
Liver	Mgst1	Mouse
Brain	Gprc5b	Mouse
Liver	Rarres2	Mouse
Brain	Syn2	Mouse
Liver	Sardh	Mouse
Kidney	Sardh	Mouse
Brain	Snap47	Mouse
Brain	Rnf112	Mouse
Kidney	Slc47a1	Mouse
Liver	Psen2	Mouse
Kidney	Acaa1b	Mouse
Liver	Acaa1b	Mouse
Brain	Gabra1	Mouse
Ileum	Slc5a1	Mouse
Duodenum	Slc5a1	Mouse
Jejunum	Slc5a1	Mouse
Quadriceps	Adssl1	Mouse
Kidney	Odc1	Mouse
Duodenum	Cpb1	Mouse
Jejunum	Cpb1	Mouse
Pancreas	Cpb1	Mouse
Esophagus	Pinlyp	Mouse
Esophagus	Gltp	Mouse
Kidney	Mogat1	Mouse
Stomach	Mogat1	Mouse
Brain	Adgrl1	Mouse
Ileum	1810065E05Rik	Mouse
Colon	1810065E05Rik	Mouse
Brain	Clip3	Mouse
Heart	Myl2	Mouse
Duodenum	Gip	Mouse
Jejunum	Gip	Mouse
Liver	Clec4f	Mouse
Brain	Kif1a	Mouse
Liver	Dnajb9	Mouse
Liver	C8g	Mouse
Heart	Ptgds	Mouse
Brain	Ptgds	Mouse
Esophagus	Clic3	Mouse
Brain	Map2	Mouse
Brain	Gdi1	Mouse
Kidney	Cltrn	Mouse
Ileum	Ace2	Mouse
Duodenum	Ace2	Mouse
Jejunum	Ace2	Mouse
Kidney	Ppt2	Mouse
Brain	Prrt1	Mouse
Duodenum	2310057J18Rik	Mouse
Jejunum	2310057J18Rik	Mouse
Esophagus	Anxa9	Mouse
Liver	Amdhd1	Mouse
Kidney	Hsd11b1	Mouse
Liver	Hsd11b1	Mouse
Brain	Kcnq2	Mouse
Liver	Tmprss6	Mouse
Esophagus	Slpi	Mouse
Pancreas	Rbpjl	Mouse
Brain	Cntnap1	Mouse
Esophagus	Gsdma	Mouse
Stomach	Gsdma2	Mouse
Esophagus	Tnnc2	Mouse
Quadriceps	Tnnc2	Mouse
Liver	Vtn	Mouse
Brain	Aldoc	Mouse
Liver	Pipox	Mouse
Kidney	Pipox	Mouse
Ileum	Hnf4g	Mouse
Duodenum	Hnf4g	Mouse
Jejunum	Hnf4g	Mouse
Brain	Slc12a5	Mouse
Heart	Jph2	Mouse
Quadriceps	Jph2	Mouse
Kidney	Wfdc15b	Mouse
Kidney	Gpx3	Mouse
Brain	6330403K07Rik	Mouse
Kidney	Slc13a3	Mouse
Brain	Trim37	Mouse
Duodenum	Mmp7	Mouse
Jejunum	Mmp7	Mouse
Ileum	Mmp7	Mouse
Esophagus	Dusp14	Mouse
Brain	Sult4a1	Mouse
Ileum	Tm4sf5	Mouse
Duodenum	Tm4sf5	Mouse
Jejunum	Tm4sf5	Mouse
Quadriceps	Dnase1l1	Mouse
Stomach	Aldh3a1	Mouse
Esophagus	Aldh3a1	Mouse
Liver	Ccl9	Mouse
Brain	Scrn1	Mouse
Brain	Atp6v0a1	Mouse
Stomach	Krt10	Mouse
Quadriceps	Trdn	Mouse
Brain	Lrp11	Mouse
Brain	Wasf1	Mouse
Esophagus	Hebp2	Mouse
Brain	Fabp7	Mouse
Brain	Serinc1	Mouse
Colon	Mgat4c	Mouse
Ileum	Mgat4c	Mouse
Brain	Zwint	Mouse
Quadriceps	Ube2d1	Mouse
Quadriceps	Mrln	Mouse
Brain	Ahi1	Mouse
Esophagus	Arg1	Mouse
Liver	Arg1	Mouse
Duodenum	Enpp3	Mouse
Jejunum	Enpp3	Mouse
Liver	Hal	Mouse
Kidney	Timp3	Mouse
Liver	Pah	Mouse
Kidney	Pah	Mouse
Liver	Igf1	Mouse
Esophagus	Mybpc1	Mouse
Quadriceps	Mybpc1	Mouse
Liver	Egfr	Mouse
Esophagus	Jsrp1	Mouse
Quadriceps	Jsrp1	Mouse
Brain	Nsg2	Mouse
Brain	Acsl6	Mouse
Brain	Cyfip2	Mouse
Duodenum	Fabp6	Mouse
Jejunum	Fabp6	Mouse
Ileum	Fabp6	Mouse
Duodenum	Upp1	Mouse
Jejunum	Upp1	Mouse
Ileum	Upp1	Mouse
Kidney	Igfbp3	Mouse
Brain	Gabra6	Mouse
Brain	Adcy1	Mouse
Kidney	Tcn2	Mouse
Brain	Gabrg2	Mouse
Ileum	Npc1l1	Mouse
Duodenum	Npc1l1	Mouse
Jejunum	Npc1l1	Mouse
Brain	Septin4	Mouse
Brain	Gria1	Mouse
Brain	Ntsr2	Mouse
Duodenum	Ace	Mouse
Jejunum	Ace	Mouse
Esophagus	Cacng1	Mouse
Quadriceps	Cacng1	Mouse
Colon	Atp2a3	Mouse
Ileum	Nos2	Mouse
Duodenum	Slc46a1	Mouse
Jejunum	Slc46a1	Mouse
Liver	Asgr1	Mouse
Brain	Dlg4	Mouse
Esophagus	Aloxe3	Mouse
Brain	Vamp2	Mouse
Brain	Adam11	Mouse
Brain	Gfap	Mouse
Pancreas	Sel1l	Mouse
Kidney	Cdkl1	Mouse
Kidney	Gstz1	Mouse
Liver	Gstz1	Mouse
Liver	Pygl	Mouse
Brain	Trim9	Mouse
Kidney	Serpina1f	Mouse
Brain	Rtn1	Mouse
Esophagus	Rdh12	Mouse
Duodenum	Arg2	Mouse
Jejunum	Arg2	Mouse
Liver	Slc10a1	Mouse
Kidney	Lgmn	Mouse
Kidney	Akr1c21	Mouse
Duodenum	Ifi27l2b	Mouse
Jejunum	Ifi27l2b	Mouse
Liver	Akr1c6	Mouse
Brain	Cyp46a1	Mouse
Brain	Meg3	Mouse
Brain	Klc1	Mouse
Heart	Ryr2	Mouse
Brain	Amph	Mouse
Kidney	Slc17a1	Mouse
Liver	Elovl2	Mouse
Kidney	Eci3	Mouse
Kidney	Slc34a1	Mouse
Liver	F12	Mouse
Quadriceps	Pdlim7	Mouse
Esophagus	Pitx1	Mouse
Liver	Lect2	Mouse
Kidney	Slc6a18	Mouse
Quadriceps	Ckmt2	Mouse
Heart	Ckmt2	Mouse
Brain	Rab3c	Mouse
Brain	Rgs7bp	Mouse
Brain	Fam107a	Mouse
Quadriceps	Dusp13	Mouse
Kidney	Plau	Mouse
Kidney	ccdc198	Mouse
Liver	Rnase4	Mouse
Liver	Hacl1	Mouse
Heart	Asb14	Mouse
Quadriceps	Asb14	Mouse
Pancreas	Itih4	Mouse
Liver	Itih4	Mouse
Liver	Ebpl	Mouse
Esophagus	Anxa8	Mouse
Liver	Cpb2	Mouse
Duodenum	Olfm4	Mouse
Jejunum	Olfm4	Mouse
Ileum	Olfm4	Mouse
Brain	Stmn4	Mouse
Brain	Nefm	Mouse
Brain	Nefl	Mouse
Esophagus	Scel	Mouse
Kidney	Cldn10	Mouse
Liver	C9	Mouse
Kidney	Dab2	Mouse
Liver	C6	Mouse
Brain	Slc22a17	Mouse
Brain	Jph4	Mouse
Brain	Cpne6	Mouse
Esophagus	Tgm1	Mouse
Colon	Atp12a	Mouse
Liver	Amacr	Mouse
Kidney	Amacr	Mouse
Liver	Dpys	Mouse
Liver	Rida	Mouse
Kidney	Rida	Mouse
Kidney	Slc22a22	Mouse
Brain	Nptxr	Mouse
Brain	Nell2	Mouse
Brain	Septin3	Mouse
Liver	Slc38a4	Mouse
Esophagus	Endou	Mouse
Brain	Pde1b	Mouse
Esophagus	Emp2	Mouse
Liver	Il1rap	Mouse
Brain	Fgf12	Mouse
Brain	Apod	Mouse
Ileum	Dgat1	Mouse
Duodenum	Dgat1	Mouse
Jejunum	Dgat1	Mouse
Brain	Ly6h	Mouse
Colon	Ly6g	Mouse
Esophagus	Lypd2	Mouse
Esophagus	Slurp1	Mouse
Stomach	Psca	Mouse
Brain	Arc	Mouse
Quadriceps	Mapk12	Mouse
Kidney	Miox	Mouse
Brain	Mapk8ip2	Mouse
Brain	Tagln3	Mouse
Kidney	Mpv17l	Mouse
Kidney	Nit2	Mouse
Liver	Nit2	Mouse
Liver	Serpind1	Mouse
Heart	Popdc2	Mouse
Kidney	Hgd	Mouse
Liver	Hgd	Mouse
Duodenum	Tmprss15	Mouse
Jejunum	Tmprss15	Mouse
Liver	Ahsg	Mouse
Liver	Fetub	Mouse
Esophagus	Fetub	Mouse
Liver	Kng1	Mouse
Liver	Hrg	Mouse
Esophagus	Adipoq	Mouse
Colon	Ildr1	Mouse
Stomach	Clic6	Mouse
Brain	Synj1	Mouse
Brain	Faim2	Mouse
Kidney	Aqp2	Mouse
Pancreas	Cela1	Mouse
Kidney	Csad	Mouse
Liver	Csad	Mouse
Ileum	Fabp2	Mouse
Duodenum	Fabp2	Mouse
Jejunum	Fabp2	Mouse
Liver	Rgn	Mouse
Ileum	Slc10a2	Mouse
Stomach	Sult1c2	Mouse
Ileum	Gzma	Mouse
Duodenum	Gzma	Mouse
Jejunum	Gzma	Mouse
Duodenum	Reg2	Mouse
Jejunum	Reg2	Mouse
Pancreas	Reg2	Mouse
Quadriceps	Tmem52	Mouse
Ileum	Ccl25	Mouse
Duodenum	Ccl25	Mouse
Jejunum	Ccl25	Mouse
Brain	Scg5	Mouse
Ileum	Slc26a6	Mouse
Duodenum	Slc26a6	Mouse
Jejunum	Slc26a6	Mouse
Brain	Agap3	Mouse
Kidney	Tmem176a	Mouse
Duodenum	Cela3b	Mouse
Jejunum	Cela3b	Mouse
Pancreas	Cela3b	Mouse
Kidney	Slc22a1	Mouse
Liver	Slc22a1	Mouse
Stomach	Pgc	Mouse
Liver	Glo1	Mouse
Duodenum	Tff1	Mouse
Jejunum	Tff1	Mouse
Stomach	Tff1	Mouse
Heart	Lbh	Mouse
Duodenum	Xdh	Mouse
Jejunum	Xdh	Mouse
Brain	Pja2	Mouse
Brain	Nrxn1	Mouse
Brain	Prepl	Mouse
Kidney	Abca3	Mouse
Esophagus	Dnase1l2	Mouse
Brain	Mapk8ip3	Mouse
Esophagus	C3	Mouse
Liver	C3	Mouse
Stomach	Pdia2	Mouse
Pancreas	Pdia2	Mouse
Pancreas	Clps	Mouse
Stomach	Clps	Mouse
Brain	Syt4	Mouse
Brain	Celf4	Mouse
Duodenum	Mep1b	Mouse
Jejunum	Mep1b	Mouse
Ileum	Mep1b	Mouse
Ileum	Psmb8	Mouse
Duodenum	Psmb8	Mouse
Jejunum	Psmb8	Mouse
Duodenum	Btnl2	Mouse
Jejunum	Btnl2	Mouse
Kidney	Slc23a1	Mouse
Kidney	Proc	Mouse
Liver	Proc	Mouse
Kidney	Apom	Mouse
Liver	Apom	Mouse
Brain	Atp6v1g2	Mouse
Brain	Impact	Mouse
Liver	Ttc39c	Mouse
Brain	Gabbr1	Mouse
Esophagus	Myot	Mouse
Quadriceps	Myot	Mouse
Esophagus	Cidea	Mouse
Quadriceps	Camk2a	Mouse
Brain	Camk2a	Mouse
Kidney	Slc22a6	Mouse
Esophagus	Scgb1a1	Mouse
Colon	Anxa1	Mouse
Esophagus	Anxa1	Mouse
Stomach	Cblif	Mouse
Liver	Keg1	Mouse
Kidney	Keg1	Mouse
Duodenum	Ms4a10	Mouse
Jejunum	Ms4a10	Mouse
Stomach	Pga5	Mouse
Kidney	Slc22a19	Mouse
Liver	Rcl1	Mouse
Liver	Tm7sf2	Mouse
Heart	Ankrd1	Mouse
Duodenum	Slc25a45	Mouse
Jejunum	Slc25a45	Mouse
Pancreas	Cabp2	Mouse
Brain	Klc2	Mouse
Liver	Mbl2	Mouse
Kidney	Acy3	Mouse
Heart	Doc2g	Mouse
Brain	Cnih2	Mouse
Duodenum	Asah2	Mouse
Jejunum	Asah2	Mouse
Duodenum	Papss2	Mouse
Jejunum	Papss2	Mouse
Pancreas	Gal	Mouse
Heart	Vegfb	Mouse
Liver	Rbp4	Mouse
Colon	Cyp2c55	Mouse
Kidney	Gk	Mouse
Esophagus	Col17a1	Mouse
Stomach	Pnliprp2	Mouse
Pancreas	Pnliprp2	Mouse
Liver	Gcgr	Mouse
Quadriceps	Ppp1r27	Mouse
Esophagus	Cbr2	Mouse
Brain	Maged1	Mouse
Esophagus	Fasn	Mouse
Quadriceps	Slc16a3	Mouse
Kidney	Hoga1	Mouse
Liver	Hoga1	Mouse
Liver	Cyp2c23	Mouse
Kidney	Slc6a20b	Mouse
Liver	Prdx4	Mouse
Pancreas	Prdx4	Mouse
Brain	Aatk	Mouse
Duodenum	Hsd17b6	Mouse
Jejunum	Hsd17b6	Mouse
Liver	Hsd17b6	Mouse
Brain	Agap2	Mouse
Esophagus	Crisp1	Mouse
Heart	Nnt	Mouse
Ileum	Prap1	Mouse
Duodenum	Prap1	Mouse
Jejunum	Prap1	Mouse
Brain	Caly	Mouse
Kidney	Cyp2e1	Mouse
Liver	Cyp2e1	Mouse
Liver	Urah	Mouse
Ileum	2010106E10Rik	Mouse
Duodenum	2010106E10Rik	Mouse
Jejunum	2010106E10Rik	Mouse
Kidney	Asl	Mouse
Liver	Asl	Mouse
Quadriceps	Phkg1	Mouse
Brain	Rbfox3	Mouse
Brain	Nptx1	Mouse
Brain	Arhgef9	Mouse
Brain	Fbxl16	Mouse
Brain	Gng13	Mouse
Quadriceps	Pgm1	Mouse
Brain	Prkar1b	Mouse
Brain	Cplx2	Mouse
Brain	Snca	Mouse
Kidney	Adhfe1	Mouse
Liver	Gsta3	Mouse
Liver	Lactb2	Mouse
Kidney	Lactb2	Mouse
Stomach	Slc9a4	Mouse
Brain	Sphkap	Mouse
Liver	Cyp27a1	Mouse
Quadriceps	Plcd4	Mouse
Liver	Pecr	Mouse
Kidney	Pecr	Mouse
Kidney	Glb1l	Mouse
Brain	Ptprn	Mouse
Brain	Itm2c	Mouse
Brain	Ngef	Mouse
Liver	Agxt	Mouse
Liver	Spp2	Mouse
Kidney	Spp2	Mouse
Esophagus	Serpinb11	Mouse
Kidney	Acmsd	Mouse
Duodenum	Lct	Mouse
Jejunum	Lct	Mouse
Liver	Cfh	Mouse
Kidney	F13b	Mouse
Liver	F13b	Mouse
Liver	C4bp	Mouse
Quadriceps	Cacna1s	Mouse
Esophagus	Pkp1	Mouse
Heart	Tnnt2	Mouse
Brain	Gpr37l1	Mouse
Brain	Nfasc	Mouse
Esophagus	Chit1	Mouse
Colon	Mptx1	Mouse
Liver	Apcs	Mouse
Brain	Kifap3	Mouse
Liver	Mtarc1	Mouse
Liver	Mcm10	Mouse
Liver	Serpinc1	Mouse
Kidney	Pter	Mouse
Brain	Kif5c	Mouse
Quadriceps	Pfkfb3	Mouse
Brain	Gad2	Mouse
Esophagus	Niban2	Mouse
Brain	Stxbp1	Mouse
Colon	St6galnac6	Mouse
Duodenum	Cel	Mouse
Jejunum	Cel	Mouse
Pancreas	Cel	Mouse
Brain	Dnm1	Mouse
Brain	Olfm1	Mouse
Liver	Upp2	Mouse
Liver	Kynu	Mouse
Liver	Hc	Mouse
Brain	Slc4a10	Mouse
Heart	Egfl7	Mouse
Brain	Abca2	Mouse
Esophagus	Neb	Mouse
Quadriceps	Neb	Mouse
Brain	Grin1	Mouse
Esophagus	Il36rn	Mouse
Esophagus	Il36a	Mouse
Esophagus	Il36b	Mouse
Esophagus	Dapl1	Mouse
Quadriceps	Xirp2	Mouse
Liver	Abcb11	Mouse
Kidney	Lrp2	Mouse
Esophagus	Smtnl1	Mouse
Kidney	Cat	Mouse
Liver	Cat	Mouse
Pancreas	Gatm	Mouse
Kidney	Gatm	Mouse
Kidney	Slc12a1	Mouse
Brain	Syt13	Mouse
Brain	Chst1	Mouse
Brain	Mapk8ip1	Mouse
Ileum	Duoxa2	Mouse
Liver	Sord	Mouse
Kidney	Sord	Mouse
Heart	Frmd5	Mouse
Liver	F2	Mouse
Brain	Map1a	Mouse
Liver	Hao1	Mouse
Brain	Lamp5	Mouse
Brain	Snap25	Mouse
Heart	Ehd4	Mouse
Quadriceps	Smox	Mouse
Brain	Rasgrp1	Mouse
Liver	Slc27a2	Mouse
Kidney	Slc27a2	Mouse
Colon	Slc20a1	Mouse
Colon	Tgm3	Mouse
Esophagus	Tgm3	Mouse
Brain	Pcsk2	Mouse
Brain	Napb	Mouse
Brain	Snph	Mouse
Esophagus	Mylk2	Mouse
Quadriceps	Mylk2	Mouse
Esophagus	Bpifa1	Mouse
Esophagus	Bpifb1	Mouse
Stomach	Bpifb1	Mouse
Brain	Stmn2	Mouse
Ileum	Car1	Mouse
Colon	Car1	Mouse
Brain	Stmn3	Mouse
Brain	Ggt7	Mouse
Brain	Epb41l1	Mouse
Brain	Ndrg3	Mouse
Brain	Pex5l	Mouse
Liver	Aadac	Mouse
Kidney	Mfsd1	Mouse
Ileum	Sis	Mouse
Duodenum	Sis	Mouse
Jejunum	Sis	Mouse
Brain	Dclk1	Mouse
Liver	Tm4sf4	Mouse
Duodenum	Tm4sf4	Mouse
Jejunum	Tm4sf4	Mouse
Quadriceps	Pfn2	Mouse
Brain	Pfn2	Mouse
Duodenum	Mme	Mouse
Jejunum	Mme	Mouse
Brain	Serpini1	Mouse
Brain	Tspan2	Mouse
Heart	Casq2	Mouse
Kidney	Hao2	Mouse
Colon	Hao2	Mouse
Colon	Hmgcs2	Mouse
Liver	Hmgcs2	Mouse
Quadriceps	Sypl2	Mouse
Brain	Slc6a17	Mouse
Kidney	Slc16a4	Mouse
Esophagus	Crct1	Mouse
Esophagus	Lce1g	Mouse
Esophagus	Lce1b	Mouse
Duodenum	Casp6	Mouse
Jejunum	Casp6	Mouse
Stomach	Casp6	Mouse
Liver	Fga	Mouse
Liver	Tdo2	Mouse
Kidney	Egf	Mouse
Brain	Glrb	Mouse
Duodenum	Enpep	Mouse
Jejunum	Enpep	Mouse
Ileum	Enpep	Mouse
Liver	Cd1d1	Mouse
Esophagus	Ecm1	Mouse
Esophagus	Bnipl	Mouse
Heart	Myoz2	Mouse
Brain	Celf3	Mouse
Esophagus	Them5	Mouse
Brain	Rap1gds1	Mouse
Duodenum	Mttp	Mouse
Jejunum	Mttp	Mouse
Brain	Ppp3ca	Mouse
Kidney	Bdh2	Mouse
Liver	Uox	Mouse
Kidney	Ddah1	Mouse
Kidney	Cryz	Mouse
Brain	Calb1	Mouse
Kidney	Calb1	Mouse
Liver	Rmdn1	Mouse
Colon	Slc35a1	Mouse
Brain	Brinp1	Mouse
Liver	Ambp	Mouse
Kidney	Kif12	Mouse
Quadriceps	2310002L09Rik	Mouse
Brain	Fam219a	Mouse
Colon	Gne	Mouse
Brain	Psip1	Mouse
Brain	Sh3gl2	Mouse
Brain	Sgip1	Mouse
Kidney	Ak4	Mouse
Brain	Dnajc6	Mouse
Liver	Angptl3	Mouse
Kidney	Cyp2j13	Mouse
Liver	Fggy	Mouse
Kidney	Fggy	Mouse
Kidney	Cyp4a31	Mouse
Kidney	Cyp4b1	Mouse
Kidney	Akr7a5	Mouse
Duodenum	Cda	Mouse
Jejunum	Cda	Mouse
Kidney	Cda	Mouse
Kidney	Alpl	Mouse
Heart	Fabp3	Mouse
Brain	Adgrb2	Mouse
Brain	Hpca	Mouse
Brain	Ncdn	Mouse
Quadriceps	Trim63	Mouse
Heart	Trim63	Mouse
Pancreas	Casp9	Mouse
Brain	Kcnab2	Mouse
Kidney	Errfi1	Mouse
Liver	Errfi1	Mouse
Liver	Masp2	Mouse
Brain	Fbxo44	Mouse
Heart	Nppb	Mouse
Duodenum	Bst1	Mouse
Jejunum	Bst1	Mouse
Kidney	Lrpap1	Mouse
Brain	Ppp2r2c	Mouse
Brain	Crmp1	Mouse
Kidney	Evc	Mouse
Brain	Nsg1	Mouse
Quadriceps	Yipf7	Mouse
Heart	Yipf7	Mouse
Brain	Uchl1	Mouse
Liver	Alb	Mouse
Liver	Afm	Mouse
Liver	Cxcl1	Mouse
Liver	Hpd	Mouse
Heart	Atp2a2	Mouse
Brain	Camkk2	Mouse
Pancreas	Pla2g1b	Mouse
Stomach	Pla2g1b	Mouse
Brain	Cabp1	Mouse
Brain	Fscn1	Mouse
Liver	Sds	Mouse
Brain	Rph3a	Mouse
Quadriceps	Aimp2	Mouse
Duodenum	Cyp3a25	Mouse
Jejunum	Cyp3a25	Mouse
Liver	Cyp3a25	Mouse
Liver	C8b	Mouse
Liver	Tfpi2	Mouse
Esophagus	Eln	Mouse
Heart	Lmod2	Mouse
Liver	Aass	Mouse
Kidney	Aass	Mouse
Liver	Tfr2	Mouse
Duodenum	Cyp3a13	Mouse
Jejunum	Cyp3a13	Mouse
Brain	Dync1i1	Mouse
Brain	Npy	Mouse
Ileum	Gsdme	Mouse
Kidney	Tmem213	Mouse
Brain	Ptn	Mouse
Colon	Sval1	Mouse
Duodenum	2210010C04Rik	Mouse
Jejunum	2210010C04Rik	Mouse
Pancreas	2210010C04Rik	Mouse
Kidney	Nat8	Mouse
Duodenum	Reg3g	Mouse
Jejunum	Reg3g	Mouse
Ileum	Reg3g	Mouse
Stomach	Gkn3	Mouse
Duodenum	Gkn3	Mouse
Jejunum	Gkn3	Mouse
Duodenum	Gkn2	Mouse
Jejunum	Gkn2	Mouse
Stomach	Gkn2	Mouse
Duodenum	Gkn1	Mouse
Jejunum	Gkn1	Mouse
Stomach	Gkn1	Mouse
Kidney	Aldh1l1	Mouse
Liver	Aldh1l1	Mouse
Esophagus	Tmem43	Mouse
Liver	Slc6a13	Mouse
Kidney	Slc6a13	Mouse
Brain	Rasgef1a	Mouse
Kidney	Tmem52b	Mouse
Pancreas	Erp27	Mouse
Liver	Slco1b2	Mouse
Brain	Atp2b2	Mouse
Brain	Slc6a11	Mouse
Brain	Slc6a1	Mouse
Brain	Pianp	Mouse
Brain	Vamp1	Mouse
Liver	Pzp	Mouse
Brain	Slc8a2	Mouse
Liver	Sult2a8	Mouse
Liver	Slc27a5	Mouse
Quadriceps	Rtn2	Mouse
Brain	Ttyh1	Mouse
Esophagus	Sbk2	Mouse
Brain	Psd3	Mouse
Esophagus	Csrp3	Mouse
Heart	Csrp3	Mouse
Duodenum	Cyp2b10	Mouse
Jejunum	Cyp2b10	Mouse
Esophagus	Lypd5	Mouse
Liver	Gas2	Mouse
Kidney	Gas2	Mouse
Esophagus	Cers3	Mouse
Brain	Apba2	Mouse
Stomach	Furin	Mouse
Esophagus	Plin1	Mouse
Kidney	Rhcg	Mouse
Quadriceps	Synm	Mouse
Kidney	Nox4	Mouse
Esophagus	Ryr1	Mouse
Quadriceps	Ryr1	Mouse
Liver	Fah	Mouse
Kidney	Fah	Mouse
Esophagus	Mylpf	Mouse
Quadriceps	Mylpf	Mouse
Brain	Sez6l2	Mouse
Brain	Kctd13	Mouse
Esophagus	Klk10	Mouse
Brain	Plekhb1	Mouse
Colon	Sult1a1	Mouse
Liver	Sult1a1	Mouse
Esophagus	Klk7	Mouse
Brain	Ppme1	Mouse
Esophagus	Atp2a1	Mouse
Quadriceps	Atp2a1	Mouse
Liver	Aqp8	Mouse
Colon	Aqp8	Mouse
Pancreas	Lcmt1	Mouse
Brain	Pak1	Mouse
Kidney	Slc5a2	Mouse
Quadriceps	Cox6a2	Mouse
Heart	Cox6a2	Mouse
Kidney	Prss8	Mouse
Brain	Stx1b	Mouse
Brain	Ptpn5	Mouse
Stomach	Gga2	Mouse
Liver	Hpx	Mouse
Kidney	Acsm3	Mouse
Kidney	Acsm2	Mouse
Pancreas	Gp2	Mouse
Kidney	Umod	Mouse
Colon	Ano1	Mouse
Ileum	Slc6a14	Mouse
Colon	Slc6a14	Mouse
Esophagus	Tnni2	Mouse
Quadriceps	Tnni2	Mouse
Stomach	Syt8	Mouse
Liver	F9	Mouse
Brain	Syp	Mouse
Liver	Otc	Mouse
Brain	Magee1	Mouse
Quadriceps	Itm2a	Mouse
Liver	Serpina7	Mouse
Kidney	D630029K05Rik	Mouse
Brain	Gpm6b	Mouse
Esophagus	Trex2	Mouse
Quadriceps	Asb11	Mouse
Heart	Asb11	Mouse
Kidney	Renbp	Mouse
Brain	Plp1	Mouse
Brain	Zcchc18	Mouse
Stomach	Vsig1	Mouse
Kidney	Atp11a	Mouse
Liver	F10	Mouse
Liver	Proz	Mouse
Heart	Adprhl1	Mouse
Stomach	Atp4b	Mouse
Brain	Gpm6a	Mouse
Quadriceps	Asb5	Mouse
Heart	Ank1	Mouse
Quadriceps	Ank1	Mouse
Liver	Fgl1	Mouse
Heart	Sorbs2	Mouse
Stomach	Anxa10	Mouse
Brain	Cbln1	Mouse
Heart	Mylk3	Mouse
Esophagus	Ucp1	Mouse
Esophagus	Hp	Mouse
Liver	Hp	Mouse
Brain	Gnao1	Mouse
Esophagus	Mt4	Mouse
Brain	Mt3	Mouse
Kidney	Slc12a3	Mouse
Liver	Nudt7	Mouse
Brain	Cx3cl1	Mouse
Brain	Rab3a	Mouse
Heart	Rrad	Mouse
Kidney	Cdh16	Mouse
Kidney	Hsd11b2	Mouse
Colon	Hsd11b2	Mouse
Duodenum	Ctrl	Mouse
Jejunum	Ctrl	Mouse
Pancreas	Ctrl	Mouse
Stomach	Tmed6	Mouse
Pancreas	Tmed6	Mouse
Duodenum	Ctrb1	Mouse
Jejunum	Ctrb1	Mouse
Pancreas	Ctrb1	Mouse
Kidney	Ldhd	Mouse
Liver	Agt	Mouse
Brain	Thy1	Mouse
Esophagus	Trim29	Mouse
Liver	Oaf	Mouse
Liver	Sc5d	Mouse
Duodenum	St3gal4	Mouse
Jejunum	St3gal4	Mouse
Ileum	St3gal4	Mouse
Liver	Apoa5	Mouse
Duodenum	Apoa4	Mouse
Jejunum	Apoa4	Mouse
Duodenum	Apoc3	Mouse
Jejunum	Apoc3	Mouse
Liver	Apoc3	Mouse
Duodenum	Treh	Mouse
Jejunum	Treh	Mouse
Brain	Fez1	Mouse
Colon	Slc37a2	Mouse
Brain	Scg3	Mouse
Brain	Tmod2	Mouse
Liver	Aqp9	Mouse
Liver	Lipc	Mouse
Kidney	Cgnl1	Mouse
Esophagus	Elovl4	Mouse
Liver	Nnmt	Mouse
Brain	Acsbg1	Mouse
Esophagus	Acsbg1	Mouse
Liver	Cyp1a2	Mouse
Liver	Elovl5	Mouse
Liver	Gclc	Mouse
Kidney	Gclc	Mouse
Brain	Rasgrf1	Mouse
Kidney	Tinag	Mouse
Brain	Zic1	Mouse
Kidney	Plscr2	Mouse
Duodenum	Rbp2	Mouse
Jejunum	Rbp2	Mouse
Stomach	Cldn18	Mouse
Brain	Cspg5	Mouse
Kidney	Pth1r	Mouse
Heart	Lrrc2	Mouse
Esophagus	Ltf	Mouse
Brain	Arpp21	Mouse
Brain	Mobp	Mouse
Brain	Cck	Mouse
Brain	Rab6b	Mouse
Brain	Trf	Mouse
Liver	Trf	Mouse
Quadriceps	Fhl3	Mouse
Esophagus	Fhl3	Mouse
Kidney	Kap	Mouse
Esophagus	Alox12b	Mouse
Heart	Ank2	Mouse
Brain	Ank2	Mouse
Brain	Camkv	Mouse
Liver	Cdo1	Mouse
Heart	Dhrs7c	Mouse
Quadriceps	Dhrs7c	Mouse
Heart	Pygb	Mouse
Brain	Resp18	Mouse
Brain	S100b	Mouse
Quadriceps	Agl	Mouse
Brain	Snap91	Mouse
Kidney	Upb1	Mouse
Liver	Upb1	Mouse
Kidney	Cryzl2	Mouse
Esophagus	Asprv1	Mouse
Kidney	Acsm1	Mouse
Liver	Acsm1	Mouse
Brain	Cplx1	Mouse
Liver	Nat8f2	Mouse
Liver	1300017J02Rik	Mouse
Esophagus	Calm4	Mouse
Brain	Nrxn2	Mouse
Liver	Fgb	Mouse
Liver	Fgg	Mouse
Liver	Cfhr2	Mouse
Brain	Gria2	Mouse
Quadriceps	Phka1	Mouse
Pancreas	Serpini2	Mouse
Brain	Tspoap1	Mouse
Brain	Nsf	Mouse
Brain	Hdac11	Mouse
Esophagus	Evpl	Mouse
Kidney	Nipsnap1	Mouse
Liver	Nipsnap1	Mouse
Colon	Slc26a2	Mouse
Brain	Ina	Mouse
Esophagus	Csta1	Mouse
Liver	Gulo	Mouse
Pancreas	Hsd17b13	Mouse
Liver	Hsd17b13	Mouse
Esophagus	Ly6d	Mouse
Brain	Dbn1	Mouse
Brain	Adgrb1	Mouse
Brain	Unc13a	Mouse
Kidney	Fam151a	Mouse
Kidney	Nudt19	Mouse
Brain	Sncb	Mouse
Brain	Pip5k1c	Mouse
Brain	Atcay	Mouse
Duodenum	Dpp4	Mouse
Jejunum	Dpp4	Mouse
Ileum	Dpp4	Mouse
Liver	C8a	Mouse
Liver	Creb3l3	Mouse
Duodenum	Creb3l3	Mouse
Jejunum	Creb3l3	Mouse
Ileum	Ccl5	Mouse
Duodenum	Ccl5	Mouse
Jejunum	Ccl5	Mouse
Pancreas	Lars2	Mouse
Liver	Lcat	Mouse
Brain	Brsk1	Mouse
Stomach	Tnni3	Mouse
Heart	Tnni3	Mouse
Duodenum	Reep6	Mouse
Jejunum	Reep6	Mouse
Liver	Reep6	Mouse
Liver	Gc	Mouse
Quadriceps	Ky	Mouse
Kidney	Grhpr	Mouse
Liver	Grhpr	Mouse
Brain	Cbarp	Mouse
Esophagus	Thrsp	Mouse
Liver	Thrsp	Mouse
Kidney	Xylb	Mouse
Liver	Ugt2a3	Mouse
Pancreas	Ins1	Mouse
Brain	Mlc1	Mouse
Liver	Ugt2b35	Mouse
Liver	Ugt2b1	Mouse
Brain	Ids	Mouse
Brain	Syt1	Mouse
Liver	AI182371	Mouse
Kidney	Hykk	Mouse
Duodenum	Rnase1	Mouse
Jejunum	Rnase1	Mouse
Pancreas	Rnase1	Mouse
Brain	Tmem59l	Mouse
Brain	Phf24	Mouse
Kidney	Slc17a3	Mouse
Liver	Slc17a2	Mouse
Ileum	Tm6sf2	Mouse
Duodenum	Tm6sf2	Mouse
Jejunum	Tm6sf2	Mouse
Duodenum	Leap2	Mouse
Jejunum	Leap2	Mouse
Liver	Leap2	Mouse
Kidney	Slc18a1	Mouse
Esophagus	Lum	Mouse
Esophagus	Rnf39	Mouse
Duodenum	Akp3	Mouse
Jejunum	Akp3	Mouse
Heart	Ndrg4	Mouse
Brain	Ndrg4	Mouse
Brain	Fxyd7	Mouse
Brain	Mag	Mouse
Brain	Tcaf1	Mouse
Esophagus	Cysrt1	Mouse
Kidney	Dnajc12	Mouse
Brain	Dner	Mouse
Liver	Decr2	Mouse
Liver	Pnpla7	Mouse
Esophagus	Wnt4	Mouse
Quadriceps	Phkb	Mouse
Kidney	Prodh2	Mouse
Liver	Prodh2	Mouse
Duodenum	Try5	Mouse
Jejunum	Try5	Mouse
Pancreas	Try5	Mouse
Heart	Apbb1	Mouse
Brain	Apbb1	Mouse
Liver	Azgp1	Mouse
Esophagus	Scd1	Mouse
Liver	Scd1	Mouse
Liver	Lrg1	Mouse
Kidney	Rab11fip3	Mouse
Brain	Psd	Mouse
Duodenum	Lypd8l	Mouse
Jejunum	Lypd8l	Mouse
Stomach	Lypd8l	Mouse
Esophagus	Krt80	Mouse
Esophagus	Grhl3	Mouse
Brain	Syn1	Mouse
Liver	Itih2	Mouse
Brain	Dzank1	Mouse
Pancreas	Tmem97	Mouse
Colon	Ccn3	Mouse
Brain	Vgf	Mouse
Quadriceps	Cib2	Mouse
Liver	Aldh8a1	Mouse
Kidney	Aldh8a1	Mouse
Esophagus	Ephx3	Mouse
Liver	Gch1	Mouse
Brain	Cldn11	Mouse
Brain	Phyhipl	Mouse
Brain	Slc32a1	Mouse
Liver	Mbl1	Mouse
Liver	Adh4	Mouse
Liver	Mat1a	Mouse
Brain	Cpe	Mouse
Brain	Zfp365	Mouse
Brain	Sirpa	Mouse
Liver	Crp	Mouse
Stomach	Muc5ac	Mouse
Brain	Ccdc92	Mouse
Brain	Slc24a2	Mouse
Brain	Igsf8	Mouse
Kidney	Galnt11	Mouse
Liver	Hsd3b5	Mouse
Quadriceps	Prkab2	Mouse
Duodenum	Itln1	Mouse
Jejunum	Itln1	Mouse
Ileum	Itln1	Mouse
Liver	Tlcd2	Mouse
Kidney	Serpinf2	Mouse
Liver	Serpinf2	Mouse
Heart	Hrc	Mouse
Quadriceps	Hrc	Mouse
Liver	Bphl	Mouse
Kidney	Bphl	Mouse
Kidney	Pdzk1	Mouse
Brain	Gpr162	Mouse
Quadriceps	Hjv	Mouse
Brain	Srcin1	Mouse
Brain	Sv2a	Mouse
Kidney	Mfsd4b5	Mouse
Brain	Rgs4	Mouse
Esophagus	Atf5	Mouse
Liver	Atf5	Mouse
Brain	Reep2	Mouse
Heart	Pln	Mouse
Kidney	Atp6v0a4	Mouse
Kidney	Akr1d1	Mouse
Liver	Akr1d1	Mouse
Heart	Fsd2	Mouse
Quadriceps	Fsd2	Mouse
Esophagus	Mybpc2	Mouse
Quadriceps	Mybpc2	Mouse
Kidney	Aspdh	Mouse
Liver	Aspdh	Mouse
Brain	Shank1	Mouse
Liver	Elovl3	Mouse
Esophagus	Ephx1	Mouse
Liver	Ephx1	Mouse
Esophagus	Scgb3a2	Mouse
Kidney	Gcnt1	Mouse
Brain	Ppp1r9b	Mouse
Duodenum	Anpep	Mouse
Jejunum	Anpep	Mouse
Ileum	Anpep	Mouse
Esophagus	Cpa4	Mouse
Quadriceps	Nexn	Mouse
Heart	Nexn	Mouse
Brain	Nrn1	Mouse
Liver	Nrn1	Mouse
Liver	Orm1	Mouse
Liver	Adk	Mouse
Esophagus	2300002M23Rik	Mouse
Brain	Pcsk1n	Mouse
Brain	Atp6v0e2	Mouse
Kidney	Ttc36	Mouse
Liver	Ttc36	Mouse
Kidney	Dcxr	Mouse
Esophagus	Ppl	Mouse
Esophagus	Col10a1	Mouse
Kidney	Slc9a8	Mouse
Brain	Tspyl4	Mouse
Esophagus	Cdsn	Mouse
Kidney	Cyp7b1	Mouse
Liver	Cyp7b1	Mouse
Brain	Ncam1	Mouse
Brain	Rcan2	Mouse
Heart	Rcan2	Mouse
Liver	Baat	Mouse
Stomach	Kcne2	Mouse
Brain	Dock3	Mouse
Kidney	Kmo	Mouse
Liver	Kmo	Mouse
Brain	Gabbr2	Mouse
Heart	Coq10a	Mouse
Quadriceps	Coq10a	Mouse
Brain	Clstn1	Mouse
Liver	Mrap	Mouse
Liver	Etfbkmt	Mouse
Kidney	Ankrd13c	Mouse
Liver	Saa4	Mouse
Brain	Disp2	Mouse
Brain	Flywch1	Mouse
Colon	Rep15	Mouse
Stomach	Rep15	Mouse
Liver	Rdh7	Mouse
Esophagus	Wfdc5	Mouse
Kidney	Fmo2	Mouse
Esophagus	Fmo2	Mouse
Kidney	Fmo1	Mouse
Pancreas	Cuzd1	Mouse
Liver	Kyat3	Mouse
Brain	Pacsin1	Mouse
Esophagus	Ndufa4l2	Mouse
Quadriceps	Stac3	Mouse
Brain	Dtx3	Mouse
Liver	Blvrb	Mouse
Duodenum	Igsf23	Mouse
Jejunum	Igsf23	Mouse
Ileum	Abcg5	Mouse
Duodenum	Abcg5	Mouse
Jejunum	Abcg5	Mouse
Esophagus	Apoc1	Mouse
Liver	Apoc1	Mouse
Quadriceps	Ppp1r14c	Mouse
Heart	Ppp1r14c	Mouse
Esophagus	Cyp2s1	Mouse
Stomach	Cyp2s1	Mouse
Liver	Agmat	Mouse
Liver	Creg1	Mouse
Heart	Myh6	Mouse
Brain	Cmtm5	Mouse
Brain	Ttc3	Mouse
Brain	C1qtnf4	Mouse
Kidney	S100g	Mouse
Duodenum	S100g	Mouse
Jejunum	S100g	Mouse
Kidney	Tmem205	Mouse
Liver	Tmem205	Mouse
Brain	Atp1a3	Mouse
Liver	Asgr2	Mouse
Kidney	Slc22a2	Mouse
Heart	Sh3kbp1	Mouse
Brain	Map7d2	Mouse
Kidney	Slc7a13	Mouse
Kidney	Kcnj1	Mouse
Quadriceps	Atp1b2	Mouse
Brain	Atp1b2	Mouse
Heart	Myzap	Mouse
Quadriceps	Fmod	Mouse
Liver	Serpina12	Mouse
Brain	Mbp	Mouse
Heart	Nppa	Mouse
Kidney	Slc5a12	Mouse
Liver	Bbox1	Mouse
Pancreas	Iapp	Mouse
Kidney	Slco1a1	Mouse
Liver	Slco1a1	Mouse
Brain	Coro2b	Mouse
Brain	Enc1	Mouse
Esophagus	Phlda3	Mouse
Quadriceps	Phlda3	Mouse
Esophagus	Rptn	Mouse
Brain	Elmod1	Mouse
Esophagus	Lce3b	Mouse
Esophagus	Sln	Mouse
Brain	Svop	Mouse
Esophagus	Lce1c	Mouse
Kidney	Dao	Mouse
Kidney	Dmgdh	Mouse
Liver	Dmgdh	Mouse
Kidney	Bhmt2	Mouse
Liver	Bhmt2	Mouse
Esophagus	Lce1f	Mouse
Pancreas	Pnliprp1	Mouse
Brain	Bend6	Mouse
Liver	Cyp2c37	Mouse
Stomach	Slc26a9	Mouse
Liver	Hsd3b7	Mouse
Esophagus	S100a14	Mouse
Kidney	Slc5a10	Mouse
Brain	Dlgap3	Mouse
Esophagus	Mybph	Mouse
Quadriceps	Mybph	Mouse
Brain	Rgs8	Mouse
Quadriceps	Jph1	Mouse
Brain	Bex2	Mouse
Kidney	Hebp1	Mouse
Liver	Hebp1	Mouse
Pancreas	Muc1	Mouse
Stomach	Muc1	Mouse
Brain	Nrep	Mouse
Quadriceps	Nrep	Mouse
Brain	Gng2	Mouse
Esophagus	Lor	Mouse
Brain	Gprasp1	Mouse
Brain	Tmem130	Mouse
Stomach	Psapl1	Mouse
Esophagus	Psapl1	Mouse
Esophagus	Lce3d	Mouse
Liver	Fam25c	Mouse
Esophagus	Fam25c	Mouse
Quadriceps	Prr33	Mouse
Liver	Gls2	Mouse
Brain	Rell2	Mouse
Stomach	Krt13	Mouse
Esophagus	Krt13	Mouse
Esophagus	Il36g	Mouse
Brain	Bmerb1	Mouse
Duodenum	Bcl2l15	Mouse
Jejunum	Bcl2l15	Mouse
Ileum	Bcl2l15	Mouse
Kidney	Defb29	Mouse
Esophagus	Dsc1	Mouse
Brain	Snhg11	Mouse
Kidney	Pfn3	Mouse
Esophagus	Serpinb3a	Mouse
Brain	Kcnj10	Mouse
Esophagus	Klk14	Mouse
Kidney	Defb1	Mouse
Kidney	D630023F18Rik	Mouse
Quadriceps	Mylk4	Mouse
Brain	Prkce	Mouse
Pancreas	Aqp12	Mouse
Brain	Prrt2	Mouse
Liver	Insig1	Mouse
Esophagus	Lce3c	Mouse
Stomach	Sprr3	Mouse
Esophagus	Sprr3	Mouse
Esophagus	Krt14	Mouse
Brain	Penk	Mouse
Brain	Frrs1l	Mouse
Brain	Basp1	Mouse
Heart	Lrtm1	Mouse
Brain	B3gat1	Mouse
Duodenum	Pnlip	Mouse
Jejunum	Pnlip	Mouse
Pancreas	Pnlip	Mouse
Esophagus	Sbsn	Mouse
Kidney	Tmem174	Mouse
Brain	Hpcal4	Mouse
Esophagus	Krt32	Mouse
Brain	Olig1	Mouse
Brain	Bex3	Mouse
Brain	Camk2n1	Mouse
Esophagus	Lce1l	Mouse
Duodenum	Enpp7	Mouse
Jejunum	Enpp7	Mouse
Brain	Mapk10	Mouse
Liver	Bst2	Mouse
Liver	Gltpd2	Mouse
Liver	Gchfr	Mouse
Esophagus	Ddit4l	Mouse
Quadriceps	Ddit4l	Mouse
Stomach	Krt1	Mouse
Brain	Lrrc4b	Mouse
Brain	Gap43	Mouse
Esophagus	Sfn	Mouse
Quadriceps	Mettl21c	Mouse
Esophagus	Nccrp1	Mouse
Liver	Apof	Mouse
Liver	Ly6g2	Mouse
Heart	Fbxo40	Mouse
Quadriceps	Fbxo40	Mouse
Liver	Gjb1	Mouse
Liver	Angptl8	Mouse
Brain	Diras2	Mouse
Liver	Lonp2	Mouse
Esophagus	Klk9	Mouse
Brain	Nat8l	Mouse
Brain	Gng7	Mouse
Brain	Fam171b	Mouse
Esophagus	Sprr1b	Mouse
Duodenum	Sult6b2	Mouse
Jejunum	Sult6b2	Mouse
Brain	Ctxn1	Mouse
Liver	Slc25a47	Mouse
Brain	Cdk5r1	Mouse
Brain	Nrsn1	Mouse
Brain	Rapgef4	Mouse
Liver	Ugt3a2	Mouse
Kidney	Ugt3a2	Mouse
Heart	Kcnk3	Mouse
Liver	Rarres1	Mouse
Ileum	Pls1	Mouse
Duodenum	Pls1	Mouse
Jejunum	Pls1	Mouse
Brain	Lingo1	Mouse
Esophagus	Lce1h	Mouse
Esophagus	Vsig8	Mouse
Colon	Hoxb13	Mouse
Brain	Omg	Mouse
Ileum	Suox	Mouse
Brain	Ubqln2	Mouse
Quadriceps	Synpo2	Mouse
Stomach	Sprr1a	Mouse
Esophagus	Sprr1a	Mouse
Liver	Hamp	Mouse
Liver	Cyp8b1	Mouse
Esophagus	Krt78	Mouse
Brain	Scg2	Mouse
Brain	Pgbd5	Mouse
Brain	Camk2n2	Mouse
Brain	Ncald	Mouse
Quadriceps	Plpp7	Mouse
Esophagus	Tacstd2	Mouse
Stomach	Kcnj16	Mouse
Kidney	Kcnj16	Mouse
Liver	Apon	Mouse
Liver	Wfdc21	Mouse
Brain	Nlgn2	Mouse
Brain	Rtl8c	Mouse
Brain	Arf3	Mouse
Heart	Actn2	Mouse
Ileum	Mogat2	Mouse
Duodenum	Mogat2	Mouse
Jejunum	Mogat2	Mouse
Brain	Atp6v1a	Mouse
Kidney	Atp6v1a	Mouse
Liver	Cyp2j5	Mouse
Kidney	Cyp2j5	Mouse
Kidney	Slc22a30	Mouse
Liver	Slc22a30	Mouse
Brain	Serp2	Mouse
Brain	Map1b	Mouse
Brain	Prkcb	Mouse
Brain	Rnf157	Mouse
Liver	Cyp2f2	Mouse
Esophagus	Cyp2f2	Mouse
Brain	Ube2ql1	Mouse
Brain	Sv2b	Mouse
Brain	Brsk2	Mouse
Duodenum	Adh6a	Mouse
Jejunum	Adh6a	Mouse
Liver	Aldh1a1	Mouse
Brain	Nrgn	Mouse
Esophagus	Lgals7	Mouse
Liver	Aldh7a1	Mouse
Kidney	Aldh7a1	Mouse
Heart	Nebl	Mouse
Duodenum	Slc51b	Mouse
Jejunum	Slc51b	Mouse
Ileum	Slc51b	Mouse
Esophagus	Klk13	Mouse
Liver	Iigp1	Mouse
Duodenum	Try4	Mouse
Jejunum	Try4	Mouse
Pancreas	Try4	Mouse
Esophagus	Krt15	Mouse
Brain	Spock3	Mouse
Liver	Lifr	Mouse
Esophagus	Lce3a	Mouse
Duodenum	Fabp1	Mouse
Jejunum	Fabp1	Mouse
Liver	Fabp1	Mouse
Brain	Cadps	Mouse
Duodenum	Cpa1	Mouse
Jejunum	Cpa1	Mouse
Pancreas	Cpa1	Mouse
Brain	Vsnl1	Mouse
Kidney	Thnsl2	Mouse
Liver	Ugt2b5	Mouse
Brain	Phactr1	Mouse
Liver	Akr1c20	Mouse
Brain	Cadm4	Mouse
Liver	Cyp2c50	Mouse
Duodenum	Naaladl1	Mouse
Jejunum	Naaladl1	Mouse
Ileum	Naaladl1	Mouse
Brain	Cntn1	Mouse
Heart	Smyd1	Mouse
Quadriceps	Smyd1	Mouse
Duodenum	Anxa13	Mouse
Jejunum	Anxa13	Mouse
Brain	Ntrk2	Mouse
Kidney	Them7	Mouse
Brain	Nap1l5	Mouse
Esophagus	Spink5	Mouse
Brain	Unc80	Mouse
Liver	Ghr	Mouse
Kidney	Ghr	Mouse
Ileum	Gsdmc4	Mouse
Colon	Gsdmc4	Mouse
Esophagus	Myh8	Mouse
Esophagus	Cldn17	Mouse
Duodenum	Cyp3a11	Mouse
Jejunum	Cyp3a11	Mouse
Liver	Cyp3a11	Mouse
Esophagus	Lipm	Mouse
Brain	R3hdm1	Mouse
Brain	Spock1	Mouse
Brain	Synpr	Mouse
Quadriceps	Myh1	Mouse
Esophagus	Myh1	Mouse
Colon	Tgoln1	Mouse
Brain	Chn1	Mouse
Brain	Trnp1	Mouse
Esophagus	Capg	Mouse
Liver	Immp2l	Mouse
Esophagus	Ide	Mouse
Esophagus	Myh4	Mouse
Quadriceps	Myh4	Mouse
Liver	Cfhr1	Mouse
Liver	Ces1g	Mouse
Stomach	Fxyd3	Mouse
Liver	Nat8f1	Mouse
Kidney	Nat8f1	Mouse
Duodenum	Prss2	Mouse
Jejunum	Prss2	Mouse
Pancreas	Prss2	Mouse
Kidney	Aadat	Mouse
Brain	Aak1	Mouse
Kidney	Arhgap24	Mouse
Liver	Ces1c	Mouse
Kidney	Ugt2b37	Mouse
Esophagus	Lypd3	Mouse
Brain	Rit2	Mouse
Esophagus	Lce1a1	Mouse
Brain	Camk2b	Mouse
Kidney	Gsta2	Mouse
Liver	Serpina3k	Mouse
Brain	Tspan7	Mouse
Brain	Spock2	Mouse
Kidney	Kl	Mouse
Duodenum	Cela2a	Mouse
Jejunum	Cela2a	Mouse
Pancreas	Cela2a	Mouse
Brain	Anks1b	Mouse
Ileum	Defa39	Mouse
Duodenum	Defa39	Mouse
Jejunum	Defa39	Mouse
Ileum	Gda	Mouse
Duodenum	Gda	Mouse
Jejunum	Gda	Mouse
Brain	Kcnt1	Mouse
Brain	Thra	Mouse
Kidney	C1qtnf3	Mouse
Liver	Cfi	Mouse
Brain	Kcnc1	Mouse
Esophagus	Pth	Mouse
Brain	Ddn	Mouse
Esophagus	Defb4	Mouse
Brain	Nrsn2	Mouse
Kidney	Fxyd2	Mouse
Liver	Gckr	Mouse
Heart	Hadhb	Mouse
Liver	Plg	Mouse
Duodenum	Reg1	Mouse
Jejunum	Reg1	Mouse
Pancreas	Reg1	Mouse
Esophagus	Krt4	Mouse
Esophagus	Myl3	Mouse
Heart	Myl3	Mouse
Esophagus	Kprp	Mouse
Esophagus	Tmem40	Mouse
Liver	Mug1	Mouse
Esophagus	Serpinb12	Mouse
Brain	Ntm	Mouse
Kidney	Chpt1	Mouse
Duodenum	Defa26	Mouse
Jejunum	Defa26	Mouse
Ileum	Defa26	Mouse
Heart	Lrrc10	Mouse
Stomach	Cxcl17	Mouse
Duodenum	Defa17	Mouse
Jejunum	Defa17	Mouse
Ileum	Defa17	Mouse
Brain	Cend1	Mouse
Liver	Cyp2a12	Mouse
Kidney	Kng2	Mouse
Liver	Kng2	Mouse
Liver	Cyp2c70	Mouse
Duodenum	Ang4	Mouse
Jejunum	Ang4	Mouse
Ileum	Ang4	Mouse
Esophagus	Nkpd1	Mouse
Liver	Cd302	Mouse
Liver	Gstp1	Mouse
Kidney	Slc4a4	Mouse
Esophagus	Dmkn	Mouse
Brain	Lsamp	Mouse
Esophagus	Retnla	Mouse
Esophagus	Cyp4f39	Mouse
Esophagus	Krt5	Mouse
Brain	Dpp6	Mouse
Esophagus	Tnnt3	Mouse
Quadriceps	Tnnt3	Mouse
Kidney	Slc22a12	Mouse
Brain	Kalrn	Mouse
Esophagus	Myl1	Mouse
Quadriceps	Myl1	Mouse
Kidney	Ugt2b38	Mouse
Liver	Serpina10	Mouse
Duodenum	Defa38	Mouse
Jejunum	Defa38	Mouse
Ileum	Defa38	Mouse
Liver	Ces3b	Mouse
Kidney	Tnfaip8	Mouse
Brain	Trank1	Mouse
Esophagus	Cytl1	Mouse
Esophagus	Serpinb2	Mouse
Brain	Ap3b2	Mouse
Pancreas	Ctrc	Mouse
Liver	Acat3	Mouse
Brain	Tubb4a	Mouse
Stomach	Kcnj15	Mouse
Kidney	Kcnj15	Mouse
Liver	Cyp2c67	Mouse
Brain	Ncs1	Mouse
Esophagus	Sim2	Mouse
Stomach	Chia1	Mouse
Brain	Kcnc3	Mouse
Esophagus	Ces2f	Mouse
Esophagus	Calml3	Mouse
Ileum	Defa34	Mouse
Liver	Serpina11	Mouse
Brain	Luzp2	Mouse
Quadriceps	BC023105	Mouse
Duodenum	Ly6m	Mouse
Jejunum	Ly6m	Mouse
Ileum	Ly6m	Mouse
Kidney	Slc22a28	Mouse
Esophagus	Cnfn	Mouse
Liver	Glyat	Mouse
Kidney	Glyat	Mouse
Kidney	Hsd3b2	Mouse
Esophagus	S100a7a	Mouse
Kidney	Slc22a8	Mouse
Quadriceps	Dupd1	Mouse
Liver	Crem	Mouse
Esophagus	Klk8	Mouse
Esophagus	Scgb3a1	Mouse
Brain	Cadm2	Mouse
Stomach	Ghrl	Mouse
Duodenum	Defa24	Mouse
Jejunum	Defa24	Mouse
Ileum	Defa24	Mouse
Liver	Aox3	Mouse
Heart	Clasp1	Mouse
Heart	mt-Ti	Mouse
Heart	mt-Tq	Mouse
Heart	mt-Tm	Mouse
Colon	Insl5	Mouse
Kidney	Cyp2j11	Mouse
Liver	Mup21	Mouse
Liver	Mup3	Mouse
Liver	Serpina1a	Mouse
Brain	Insyn1	Mouse
Esophagus	Serpinb5	Mouse
Kidney	Slc22a7	Mouse
Liver	Cyp2c54	Mouse
Duodenum	Cyp2c66	Mouse
Jejunum	Cyp2c66	Mouse
Liver	H2-Q10	Mouse
Esophagus	Klk11	Mouse
Brain	Syngap1	Mouse
Heart	Ankrd23	Mouse
Quadriceps	Ankrd23	Mouse
Brain	Nnat	Mouse
Brain	Vxn	Mouse
Brain	Sptbn2	Mouse
Liver	Cyp2d40	Mouse
Liver	Cyp2d9	Mouse
Pancreas	Reg3d	Mouse
Ileum	Duox2	Mouse
Esophagus	Myoz1	Mouse
Quadriceps	Myoz1	Mouse
Liver	Gstm6	Mouse
Liver	Selenbp2	Mouse
Esophagus	Lce3f	Mouse
Esophagus	Lce1j	Mouse
Esophagus	Lce1i	Mouse
Esophagus	Lce1e	Mouse
Esophagus	Lce1a2	Mouse
Brain	Syt11	Mouse
Esophagus	Dsg1a	Mouse
Duodenum	Lyz1	Mouse
Jejunum	Lyz1	Mouse
Ileum	Lyz1	Mouse
Liver	Wfdc17	Mouse
Liver	Fbp1	Mouse
Kidney	Fbp1	Mouse
Brain	Cacng7	Mouse
Esophagus	Tlcd3a	Mouse
Liver	Ces3a	Mouse
Brain	Scn2b	Mouse
Quadriceps	Ampd1	Mouse
Brain	Slc17a7	Mouse
Liver	Cfhr4	Mouse
Esophagus	Vsig10l	Mouse
Liver	Etnk2	Mouse
Kidney	Ren1	Mouse
Liver	Ugt2b36	Mouse
Brain	Pnmal2	Mouse
Brain	Gad1	Mouse
Kidney	Serpina1d	Mouse
Liver	Serpina1d	Mouse
Liver	Serpina1b	Mouse
Liver	Gm10319	Mouse
Pancreas	Prss3	Mouse
Pancreas	Try10	Mouse
Pancreas	Cpa2	Mouse
Liver	Gm4952	Mouse
Brain	Gng3	Mouse
Esophagus	Gm94	Mouse
Liver	Ang	Mouse
Brain	Tuba1a	Mouse
Liver	Ugt3a1	Mouse
Kidney	Ugt3a1	Mouse
Liver	Serpina1e	Mouse
Kidney	Sod3	Mouse
Brain	Gprasp2	Mouse
Colon	Gm15401	Mouse
Quadriceps	Lrrc30	Mouse
Duodenum	Mucl3	Mouse
Jejunum	Mucl3	Mouse
Stomach	Mucl3	Mouse
Liver	C4b	Mouse
Liver	Gm4951	Mouse
Stomach	Gm12888	Mouse
Liver	Mup14	Mouse
Liver	Mup11	Mouse
Liver	Mup7	Mouse
Liver	Ttpa	Mouse
Esophagus	Ces1h	Mouse
Duodenum	Gsta1	Mouse
Jejunum	Gsta1	Mouse
Stomach	Gsta1	Mouse
Duodenum	Clca4b	Mouse
Jejunum	Clca4b	Mouse
Ileum	Clca4b	Mouse
Stomach	Krtdap	Mouse
Esophagus	Krtdap	Mouse
Liver	Cib3	Mouse
Kidney	Cyp2a4	Mouse
Liver	Apoc4	Mouse
Duodenum	Gm10680	Mouse
Jejunum	Gm10680	Mouse
Esophagus	Lce3e	Mouse
Duodenum	Defa29	Mouse
Jejunum	Defa29	Mouse
Ileum	Defa29	Mouse
Duodenum	Defa22	Mouse
Jejunum	Defa22	Mouse
Ileum	Defa22	Mouse
Duodenum	Defa30	Mouse
Jejunum	Defa30	Mouse
Ileum	Defa30	Mouse
Duodenum	Defa21	Mouse
Jejunum	Defa21	Mouse
Ileum	Defa21	Mouse
Esophagus	Bglap3	Mouse
Liver	Clec4g	Mouse
Kidney	Rdh16f2	Mouse
Liver	Rdh16f2	Mouse
Brain	Kif5a	Mouse
Liver	Bhmt	Mouse
Liver	Cyp2c68	Mouse
Colon	B3galt5	Mouse
Kidney	Gm10804	Mouse
Esophagus	Fads2b	Mouse
Liver	Ccdc58	Mouse
Esophagus	Aldh3b2	Mouse
Esophagus	Klhl41	Mouse
Quadriceps	Klhl41	Mouse
Brain	Mog	Mouse
Liver	Ass1	Mouse
Kidney	Ass1	Mouse
Duodenum	Igkv2-137	Mouse
Jejunum	Igkv2-137	Mouse
Ileum	Igkv2-137	Mouse
Ileum	Igkv12-89	Mouse
Duodenum	Igkv12-89	Mouse
Jejunum	Igkv12-89	Mouse
Ileum	Igkv12-46	Mouse
Duodenum	Igkv12-46	Mouse
Jejunum	Igkv12-46	Mouse
Ileum	Ighv1-18	Mouse
Duodenum	Ighv1-18	Mouse
Jejunum	Ighv1-18	Mouse
Esophagus	Capns2	Mouse
Kidney	Smim1	Mouse
Esophagus	Plekhn1	Mouse
Liver	G6pc	Mouse
Kidney	G6pc	Mouse
Liver	Mup20	Mouse
Liver	Mup16	Mouse
Liver	Mup10	Mouse
Liver	Mup1	Mouse
Quadriceps	Cacng6	Mouse
Brain	Prkcg	Mouse
Liver	Serpina3m	Mouse
Liver	Serpina1c	Mouse
Brain	Prnp	Mouse
Liver	Cyp4v3	Mouse
Duodenum	Cyp4v3	Mouse
Jejunum	Cyp4v3	Mouse
Duodenum	Mptx2	Mouse
Jejunum	Mptx2	Mouse
Ileum	Mptx2	Mouse
Kidney	Slco1a6	Mouse
Quadriceps	Tmem233	Mouse
Liver	Rab9	Mouse
Quadriceps	Tceal7	Mouse
Ileum	Alpi	Mouse
Duodenum	Alpi	Mouse
Jejunum	Alpi	Mouse
Colon	B3gnt7	Mouse
Liver	Gm13775	Mouse
Brain	Nap1l2	Mouse
Pancreas	Amy2b	Mouse
Pancreas	Sycn	Mouse
Liver	Gm11789	Mouse
Quadriceps	Myhas	Mouse
Brain	Chn1os1	Mouse
Quadriceps	Gm12224	Mouse
Liver	Gm2788	Mouse
Pancreas	Gm15564	Mouse
Colon	Hoxa11os	Mouse
Heart	Gm15543	Mouse
Quadriceps	2310065F04Rik	Mouse
Quadriceps	Gm12319	Mouse
Liver	Hectd2os	Mouse
Kidney	Agxt2	Mouse
Liver	Agxt2	Mouse
Brain	Cbx6	Mouse
Brain	Cdk5r2	Mouse
Liver	Ugt1a9	Mouse
Brain	Pcp4	Mouse
Kidney	Car15	Mouse
Colon	Eif4ebp3	Mouse
Brain	Eid1	Mouse
Heart	Tnnc1	Mouse
Liver	Serpina4-ps1	Mouse
Heart	C130080G10Rik	Mouse
Liver	Gm20319	Mouse
Esophagus	Ly6g6c	Mouse
Ileum	Ighv9-4	Mouse
Duodenum	Ighv9-4	Mouse
Jejunum	Ighv9-4	Mouse
Ileum	Igkv1-117	Mouse
Duodenum	Igkv1-117	Mouse
Jejunum	Igkv1-117	Mouse
Colon	Cyp2d34	Mouse
Ileum	Ighv1-22	Mouse
Duodenum	Ighv1-22	Mouse
Jejunum	Ighv1-22	Mouse
Ileum	Ighv1-9	Mouse
Duodenum	Ighv1-9	Mouse
Jejunum	Ighv1-9	Mouse
Ileum	Igkv6-15	Mouse
Duodenum	Igkv6-15	Mouse
Jejunum	Igkv6-15	Mouse
Liver	Cyp2d10	Mouse
Ileum	Igkv9-120	Mouse
Duodenum	Igkv9-120	Mouse
Jejunum	Igkv9-120	Mouse
Ileum	Ighv1-39	Mouse
Duodenum	Ighv1-39	Mouse
Jejunum	Ighv1-39	Mouse
Ileum	Defa-ps6	Mouse
Ileum	Igkv6-23	Mouse
Duodenum	Igkv6-23	Mouse
Jejunum	Igkv6-23	Mouse
Esophagus	Lce1k	Mouse
Colon	2610528A11Rik	Mouse
Liver	Vkorc1	Mouse
Ileum	Ighv1-19	Mouse
Duodenum	Ighv1-19	Mouse
Jejunum	Ighv1-19	Mouse
Liver	Mup17	Mouse
Ileum	Psmb9	Mouse
Duodenum	Psmb9	Mouse
Jejunum	Psmb9	Mouse
Brain	Gm3764	Mouse
Brain	Rian	Mouse
Brain	Mir124a-1hg	Mouse
Heart	Mhrt	Mouse
Esophagus	2310043M15Rik	Mouse
Esophagus	Pla2g4b	Mouse
Liver	0610031O16Rik	Mouse
Liver	1810008I18Rik	Mouse
Heart	Hand2os1	Mouse
Pancreas	1810018F18Rik	Mouse
Quadriceps	2310040G24Rik	Mouse
Brain	Snrpn	Mouse
Brain	Snurf	Mouse
Esophagus	Lce1d	Mouse
Liver	5033403H07Rik	Mouse
Brain	Peg13	Mouse
Kidney	Gm39079	Mouse
Kidney	Gm44588	Mouse
Stomach	Smim38	Mouse
Kidney	AI314278	Mouse
Liver	Gm44805	Mouse
Quadriceps	Gm42417	Mouse
